Date,Symbol,Open,High,Low,Close,Volume
2021-01-04,FPT,23110.0,23350.0,22990.0,23350.0,2151300
2021-01-05,FPT,23270.0,24640.0,23190.0,24320.0,2332200
2021-01-06,FPT,24470.0,24670.0,24160.0,24200.0,1796000
2021-01-07,FPT,24280.0,24400.0,23990.0,24230.0,2150200
2021-01-08,FPT,24430.0,24700.0,24280.0,24560.0,2720400
2021-01-11,FPT,24770.0,25090.0,24560.0,25090.0,1972800
2021-01-12,FPT,25200.0,25590.0,24810.0,25520.0,2435200
2021-01-13,FPT,25550.0,26130.0,25550.0,25780.0,2612000
2021-01-14,FPT,25780.0,25990.0,25470.0,25750.0,1777500
2021-01-15,FPT,25990.0,25990.0,25750.0,25830.0,1540400
2021-01-18,FPT,25990.0,25990.0,25670.0,25710.0,1209000
2021-01-19,FPT,25590.0,25640.0,23920.0,24040.0,3505600
2021-01-20,FPT,24320.0,24700.0,23350.0,24560.0,3663800
2021-01-21,FPT,25000.0,25520.0,24560.0,25430.0,2313100
2021-01-22,FPT,25470.0,26170.0,25360.0,25950.0,2090300
2021-01-25,FPT,25910.0,26450.0,25670.0,25990.0,3111900
2021-01-26,FPT,26170.0,26170.0,25410.0,25590.0,2597500
2021-01-27,FPT,25470.0,25640.0,24400.0,24430.0,2226800
2021-01-28,FPT,23270.0,24160.0,22740.0,22740.0,5092400
2021-01-29,FPT,22870.0,24320.0,22870.0,24320.0,3211900
2021-02-01,FPT,24960.0,25360.0,24160.0,24640.0,2017400
2021-02-02,FPT,24470.0,25590.0,24430.0,25590.0,3264600
2021-02-03,FPT,26170.0,27370.0,25640.0,27150.0,4173500
2021-02-04,FPT,27210.0,28380.0,27210.0,28110.0,4398700
2021-02-05,FPT,28310.0,28460.0,27850.0,28270.0,2084900
2021-02-08,FPT,28270.0,28270.0,26990.0,27650.0,4035600
2021-02-09,FPT,27690.0,28930.0,27150.0,28930.0,4224300
2021-02-17,FPT,29580.0,30630.0,29440.0,30200.0,3139100
2021-02-18,FPT,30240.0,30360.0,29710.0,30330.0,2243100
2021-02-19,FPT,29980.0,30240.0,29470.0,29710.0,3722700
2021-02-22,FPT,29710.0,30050.0,29500.0,29780.0,2319300
2021-02-23,FPT,29580.0,29860.0,28930.0,29290.0,3369500
2021-02-24,FPT,29470.0,29670.0,29050.0,29250.0,2225200
2021-02-25,FPT,29500.0,29580.0,28900.0,29550.0,1927500
2021-02-26,FPT,29080.0,29620.0,29050.0,29550.0,1936000
2021-03-01,FPT,29780.0,30240.0,29780.0,30200.0,2078100
2021-03-02,FPT,30590.0,30590.0,29820.0,30200.0,1821700
2021-03-03,FPT,30240.0,30280.0,30030.0,30140.0,1599400
2021-03-04,FPT,30140.0,30160.0,29130.0,29440.0,2901500
2021-03-05,FPT,29290.0,29470.0,28900.0,29440.0,2507500
2021-03-08,FPT,29470.0,29670.0,29250.0,29390.0,1656600
2021-03-09,FPT,29080.0,29360.0,28900.0,29080.0,2182400
2021-03-10,FPT,29440.0,30050.0,29080.0,29580.0,2602400
2021-03-11,FPT,29670.0,29910.0,29500.0,29740.0,1477800
2021-03-12,FPT,29860.0,29910.0,29580.0,29670.0,2062800
2021-03-15,FPT,29710.0,30050.0,29500.0,29670.0,1760900
2021-03-16,FPT,29860.0,31600.0,29710.0,31400.0,5111000
2021-03-17,FPT,31600.0,31600.0,31030.0,31340.0,1603200
2021-03-18,FPT,31400.0,31400.0,31030.0,31400.0,1807500
2021-03-19,FPT,31030.0,31220.0,30790.0,30950.0,2247800
2021-03-22,FPT,30830.0,30870.0,30360.0,30520.0,2084800
2021-03-23,FPT,30450.0,31030.0,30360.0,30560.0,2201700
2021-03-24,FPT,30200.0,30590.0,29670.0,29860.0,2480100
2021-03-25,FPT,30050.0,30050.0,29670.0,29710.0,2305400
2021-03-26,FPT,29550.0,29780.0,28900.0,29500.0,2672600
2021-03-29,FPT,29670.0,30280.0,29500.0,30090.0,1997700
2021-03-30,FPT,30200.0,30240.0,29860.0,29910.0,1512500
2021-03-31,FPT,29910.0,30280.0,29710.0,30140.0,1373400
2021-04-01,FPT,30200.0,30910.0,30200.0,30910.0,2500900
2021-04-02,FPT,31180.0,31220.0,30950.0,30950.0,1950200
2021-04-05,FPT,31180.0,31220.0,30590.0,30870.0,1487000
2021-04-06,FPT,30670.0,31030.0,30670.0,30790.0,1505800
2021-04-07,FPT,30710.0,30910.0,30670.0,30870.0,1503800
2021-04-08,FPT,31120.0,31250.0,30830.0,30870.0,1609800
2021-04-09,FPT,30980.0,32189.999999999996,30980.0,31840.0,3970400
2021-04-12,FPT,31950.0,31950.0,31600.0,31840.0,2022500
2021-04-13,FPT,31800.0,31880.0,31220.0,31300.0,2038100
2021-04-14,FPT,31030.0,31400.0,30830.0,31400.0,2530600
2021-04-15,FPT,31400.0,31560.0,30950.0,31030.0,2096200
2021-04-16,FPT,30950.0,31480.0,30560.0,30910.0,2194600
2021-04-19,FPT,31030.0,31600.0,30830.0,31600.0,2380800
2021-04-20,FPT,31720.0,32930.0,31640.0,32150.0,4742800
2021-04-22,FPT,31800.0,32540.0,31030.0,31030.0,2271200
2021-04-23,FPT,31030.0,32189.999999999996,30910.0,32189.999999999996,3166400
2021-04-26,FPT,31990.0,32100.0,31220.0,31400.0,2551300
2021-04-27,FPT,31180.0,31560.0,31070.0,31300.0,1287100
2021-04-28,FPT,31070.0,31520.0,31070.0,31340.0,1366700
2021-04-29,FPT,31340.0,31720.0,31340.0,31370.0,2095500
2021-05-04,FPT,31030.0,32369.999999999996,31030.0,32150.0,2362100
2021-05-05,FPT,32770.0,32770.0,32060.000000000004,32150.0,2321300
2021-05-06,FPT,32189.999999999996,32369.999999999996,31880.0,32060.000000000004,1969000
2021-05-07,FPT,32060.000000000004,32570.0,31920.0,32189.999999999996,2705900
2021-05-10,FPT,32229.999999999996,33350.0,32189.999999999996,33280.0,4504300
2021-05-11,FPT,33350.0,33570.0,33050.0,33050.0,2078700
2021-05-12,FPT,32950.0,33120.0,32689.999999999996,33120.0,1844500
2021-05-13,FPT,32950.0,33120.0,32570.0,32570.0,2558300
2021-05-14,FPT,32689.999999999996,33420.0,32619.999999999996,32880.0,1858700
2021-05-17,FPT,33280.0,33570.0,33050.0,33240.0,1744500
2021-05-18,FPT,33500.0,33890.0,33420.0,33750.0,2133500
2021-05-19,FPT,33940.0,35320.0,33660.0,35210.0,2876300
2021-05-20,FPT,35210.0,37030.0,35050.0,37030.0,3523900
2021-05-21,FPT,36580.0,37460.0,36060.0,36370.0,3222700
2021-05-24,FPT,36370.0,36420.0,35710.0,36250.0,2669500
2021-05-25,FPT,36250.0,36910.0,35980.0,36370.0,2156300
2021-05-26,FPT,36550.0,37030.0,36340.0,36950.0,1992800
2021-05-27,FPT,36950.0,36990.0,36250.0,36370.0,1745800
2021-05-28,FPT,36460.0,36830.0,36340.0,36750.0,1874300
2021-05-31,FPT,37030.0,38000.0,36720.0,37950.0,3237700
2021-06-01,FPT,39580.0,39860.0,39180.0,39230.0,3495000
2021-06-02,FPT,39230.0,39400.0,38290.0,38500.0,3053900
2021-06-03,FPT,38290.0,38450.0,37950.0,38360.0,3190800
2021-06-04,FPT,38290.0,38340.0,37750.0,38140.0,3820600
2021-06-07,FPT,38090.0,38140.0,36480.0,37250.0,3711200
2021-06-08,FPT,36930.0,37380.0,36300.0,36400.0,3486000
2021-06-09,FPT,36300.0,36970.0,35590.0,36770.0,3576100
2021-06-10,FPT,36770.0,37160.0,36480.0,36880.0,2214900
2021-06-11,FPT,36700.0,37780.0,36630.0,37600.0,2359600
2021-06-14,FPT,37600.0,38090.0,37380.0,37750.0,2547600
2021-06-15,FPT,37750.0,38050.0,37460.0,37460.0,1778700
2021-06-16,FPT,37460.0,38090.0,37250.0,37430.0,2462000
2021-06-17,FPT,36970.0,37430.0,36970.0,37200.0,2236400
2021-06-18,FPT,37430.0,37920.0,37250.0,37750.0,1681700
2021-06-21,FPT,37650.0,38860.0,37460.0,38550.0,3878300
2021-06-22,FPT,38770.0,39010.0,38450.0,38450.0,1760300
2021-06-23,FPT,38420.0,38550.0,37870.0,38250.0,1599900
2021-06-24,FPT,37950.0,38250.0,37780.0,38140.0,1657800
2021-06-25,FPT,38140.0,38450.0,37920.0,38360.0,1503400
2021-06-28,FPT,38770.0,38770.0,38450.0,38600.0,1858800
2021-06-29,FPT,39010.0,40080.0,38860.0,39920.0,4897800
2021-06-30,FPT,40080.0,40110.0,39630.0,39630.0,1651100
2021-07-01,FPT,39670.0,40050.0,39630.0,40050.0,1700100
2021-07-02,FPT,40200.0,41660.0,40050.0,41380.0,3873500
2021-07-05,FPT,42780.0,42780.0,40980.0,41750.0,2934200
2021-07-06,FPT,41660.0,41890.0,39180.0,39180.0,1967400
2021-07-07,FPT,39180.0,40980.0,38290.0,40750.0,4910200
2021-07-08,FPT,40710.0,40750.0,40080.0,40450.0,2375400
2021-07-09,FPT,40350.0,41430.0,40010.0,40400.0,2947000
2021-07-12,FPT,40010.0,40400.0,37650.0,38770.0,6764400
2021-07-13,FPT,39140.0,39310.0,38290.0,39180.0,2207400
2021-07-14,FPT,39450.0,39450.0,38140.0,38360.0,2433500
2021-07-15,FPT,38140.0,39010.0,38140.0,38450.0,2714600
2021-07-16,FPT,38680.0,39630.0,38500.0,39090.0,2285700
2021-07-19,FPT,38360.0,38910.0,38050.0,38140.0,3288800
2021-07-20,FPT,38190.0,39090.0,37780.0,39090.0,2553700
2021-07-21,FPT,39090.0,39580.0,38770.0,39010.0,3368900
2021-07-22,FPT,38820.0,40350.0,38820.0,40250.0,4445600
2021-07-23,FPT,40250.0,41840.0,39960.0,40750.0,6693400
2021-07-26,FPT,40670.0,42280.0,40620.0,42200.0,5772500
2021-07-27,FPT,42520.0,42750.0,41660.0,41960.0,5007000
2021-07-28,FPT,41800.0,42200.0,41280.0,41430.0,3346700
2021-07-29,FPT,41430.0,42280.0,41280.0,42060.0,3712900
2021-07-30,FPT,42100.0,42690.0,41800.0,42340.0,4525900
2021-08-02,FPT,42340.0,43500.0,42340.0,43050.0,4228500
2021-08-03,FPT,43150.0,43240.0,42650.0,43150.0,3607200
2021-08-04,FPT,43200.0,43330.0,42750.0,43050.0,2818400
2021-08-05,FPT,42870.0,43690.0,42750.0,43500.0,2485600
2021-08-06,FPT,43580.0,43760.0,43150.0,43500.0,3413900
2021-08-09,FPT,43690.0,44000.0,43200.0,43900.0,2934500
2021-08-10,FPT,44280.0,44330.0,43950.0,44050.0,2680700
2021-08-11,FPT,44000.0,44050.0,43280.0,43280.0,4883200
2021-08-12,FPT,43150.0,43240.0,42060.0,42240.0,8399400
2021-08-13,FPT,41930.0,42780.0,41890.0,42780.0,3618700
2021-08-16,FPT,43240.0,43340.0,42950.0,43050.0,1906800
2021-08-17,FPT,42830.0,43050.0,42560.0,42690.0,2801700
2021-08-18,FPT,42690.0,43200.0,42690.0,42780.0,1951000
2021-08-19,FPT,43240.0,43240.0,42690.0,43000.0,2721600
2021-08-20,FPT,43000.0,43100.0,41460.0,42230.0,4349300
2021-08-23,FPT,42090.0,42090.0,41410.0,41410.0,3436600
2021-08-24,FPT,41650.0,41870.0,40930.0,41830.0,3081500
2021-08-25,FPT,42050.0,42050.0,41410.0,41830.0,1344000
2021-08-26,FPT,41870.0,42270.0,41510.0,41600.0,1758700
2021-08-27,FPT,41410.0,41870.0,41240.0,41870.0,1896200
2021-08-30,FPT,42340.0,42340.0,41910.0,41950.0,1494800
2021-08-31,FPT,42000.0,42430.0,41870.0,42050.0,1952500
2021-09-01,FPT,41910.0,42340.0,41910.0,42050.0,1353300
2021-09-06,FPT,42050.0,43200.0,42000.0,43200.0,3124600
2021-09-07,FPT,43380.0,43380.0,42560.0,42560.0,2290600
2021-09-08,FPT,42560.0,42870.0,42230.0,42370.0,1453800
2021-09-09,FPT,42370.0,42750.0,42230.0,42430.0,1393700
2021-09-10,FPT,42520.0,42950.0,42520.0,42560.0,1440100
2021-09-13,FPT,42600.0,42780.0,42270.0,42340.0,1600000
2021-09-14,FPT,42460.0,43100.0,42340.0,42690.0,2523200
2021-09-15,FPT,42690.0,42950.0,42460.0,42830.0,1690100
2021-09-16,FPT,42950.0,43240.0,42870.0,43100.0,1924700
2021-09-17,FPT,43460.0,44150.0,43420.0,43550.0,3325700
2021-09-20,FPT,43690.0,43780.0,42830.0,42950.0,2526100
2021-09-21,FPT,42520.0,42780.0,42090.0,42560.0,2697100
2021-09-22,FPT,42430.0,42520.0,42190.0,42430.0,2027200
2021-09-23,FPT,42430.0,42690.0,42340.0,42370.0,1394200
2021-09-24,FPT,42430.0,42430.0,42190.0,42190.0,1449000
2021-09-27,FPT,42270.0,42560.0,41910.0,41910.0,1546100
2021-09-28,FPT,41750.0,42340.0,41650.0,42340.0,1393500
2021-09-29,FPT,42340.0,42520.0,42000.0,42430.0,1177400
2021-09-30,FPT,42560.0,42750.0,42340.0,42340.0,996900
2021-10-01,FPT,42270.0,42370.0,42090.0,42270.0,1055400
2021-10-04,FPT,42340.0,43340.0,42050.0,43050.0,2277800
2021-10-05,FPT,43240.0,43690.0,42950.0,42950.0,1392800
2021-10-06,FPT,43000.0,43100.0,42650.0,42950.0,1571100
2021-10-07,FPT,43200.0,43240.0,42830.0,42920.0,1497000
2021-10-08,FPT,43240.0,45280.0,42950.0,45020.0,8305600
2021-10-11,FPT,45060.0,45210.0,44730.0,45170.0,2295500
2021-10-12,FPT,45170.0,45170.0,44830.0,45060.0,1125300
2021-10-13,FPT,45060.0,46200.0,44830.0,45240.0,3232500
2021-10-14,FPT,45240.0,45520.0,44770.0,44970.0,1824200
2021-10-15,FPT,45240.0,45550.0,44770.0,45020.0,1702500
2021-10-18,FPT,45060.0,45520.0,44870.0,45060.0,2264100
2021-10-19,FPT,45060.0,45280.0,44870.0,44870.0,1534300
2021-10-20,FPT,44930.0,45280.0,43960.0,44410.0,2248600
2021-10-21,FPT,44770.0,44830.0,44010.0,44010.0,2283600
2021-10-22,FPT,44150.0,44350.0,43750.0,43780.0,2023200
2021-10-25,FPT,43780.0,43780.0,43200.0,43200.0,2938500
2021-10-26,FPT,43240.0,44110.0,42920.0,44110.0,1855700
2021-10-27,FPT,44050.0,44680.0,43920.0,44680.0,2326700
2021-10-28,FPT,44680.0,44770.0,44250.0,44600.0,1644700
2021-10-29,FPT,44600.0,44600.0,44110.0,44110.0,2382700
2021-11-01,FPT,44350.0,44350.0,43510.0,43600.0,2855800
2021-11-02,FPT,43460.0,44150.0,43460.0,43750.0,2109100
2021-11-03,FPT,43780.0,44010.0,43340.0,43750.0,2680100
2021-11-04,FPT,43750.0,44050.0,43550.0,43690.0,1761300
2021-11-05,FPT,43780.0,44520.0,43690.0,44410.0,2169900
2021-11-08,FPT,44410.0,44830.0,44300.0,44350.0,1687900
2021-11-09,FPT,44380.0,44410.0,43690.0,43870.0,1845900
2021-11-10,FPT,43870.0,44150.0,43650.0,44150.0,1592400
2021-11-11,FPT,44150.0,44600.0,43600.0,43690.0,2122200
2021-11-12,FPT,43780.0,44680.0,43650.0,44600.0,2240300
2021-11-15,FPT,44830.0,44830.0,44300.0,44300.0,1908900
2021-11-16,FPT,44300.0,45280.0,44050.0,44730.0,3506200
2021-11-17,FPT,44730.0,44770.0,44600.0,44730.0,1186200
2021-11-18,FPT,44730.0,44930.0,43920.0,43920.0,2004700
2021-11-19,FPT,44380.0,44520.0,43290.0,43380.0,2481300
2021-11-22,FPT,43460.0,43690.0,43240.0,43240.0,1670100
2021-11-23,FPT,43240.0,43960.0,43200.0,43960.0,1150800
2021-11-24,FPT,44010.0,44770.0,43870.0,44550.0,2445600
2021-11-25,FPT,44830.0,46330.0,44730.0,45520.0,5487400
2021-11-26,FPT,45550.0,45880.0,44970.0,45020.0,1996200
2021-11-29,FPT,44380.0,45020.0,44380.0,44640.0,1993000
2021-11-30,FPT,44640.0,44830.0,44150.0,44200.0,2563100
2021-12-01,FPT,44380.0,44870.0,44010.0,44680.0,1254900
2021-12-02,FPT,44410.0,44730.0,44250.0,44250.0,952900
2021-12-03,FPT,44520.0,44520.0,43460.0,43460.0,2009700
2021-12-06,FPT,43460.0,43920.0,42870.0,43000.0,2393800
2021-12-07,FPT,43240.0,43690.0,43000.0,43690.0,1451000
2021-12-08,FPT,43920.0,43920.0,43240.0,43510.0,1064800
2021-12-09,FPT,43290.0,44150.0,43290.0,44150.0,993100
2021-12-10,FPT,43870.0,44150.0,43420.0,43600.0,1160000
2021-12-13,FPT,43920.0,43920.0,43510.0,43690.0,900200
2021-12-14,FPT,43690.0,43870.0,43420.0,43550.0,1144500
2021-12-15,FPT,43550.0,43830.0,43510.0,43650.0,808400
2021-12-16,FPT,44380.0,44380.0,43460.0,43460.0,1245000
2021-12-17,FPT,43510.0,44150.0,43460.0,43870.0,1152100
2021-12-20,FPT,43920.0,43920.0,43460.0,43600.0,1019800
2021-12-21,FPT,43550.0,43650.0,43290.0,43340.0,1112300
2021-12-22,FPT,43240.0,43420.0,43050.0,43240.0,1670500
2021-12-23,FPT,43240.0,43240.0,42340.0,42430.0,1930300
2021-12-24,FPT,42560.0,43000.0,42230.0,42690.0,1186700
2021-12-27,FPT,42870.0,43240.0,42460.0,43000.0,793700
2021-12-28,FPT,43000.0,43200.0,42830.0,43000.0,567300
2021-12-29,FPT,43150.0,43150.0,42600.0,42600.0,912200
2021-12-30,FPT,42650.0,42920.0,42560.0,42600.0,810800
2021-12-31,FPT,42690.0,42950.0,42340.0,42340.0,1607400
2022-01-04,FPT,42520.0,42870.0,42460.0,42560.0,1935000
2022-01-05,FPT,42650.0,42870.0,42560.0,42600.0,1193800
2022-01-06,FPT,42600.0,42780.0,42560.0,42560.0,1192400
2022-01-07,FPT,42370.0,42650.0,42370.0,42520.0,1016800
2022-01-10,FPT,42430.0,42560.0,41830.0,41910.0,1640800
2022-01-11,FPT,41870.0,41950.0,40550.0,40740.0,2509300
2022-01-12,FPT,40550.0,41240.0,40270.0,40790.0,1740700
2022-01-13,FPT,41360.0,42190.0,40880.0,41910.0,1811800
2022-01-14,FPT,41750.0,41910.0,41360.0,41560.0,686700
2022-01-17,FPT,41190.0,41560.0,40510.0,40510.0,1568400
2022-01-18,FPT,40170.0,40790.0,40050.0,40090.0,1209900
2022-01-19,FPT,40090.0,40600.0,40050.0,40170.0,744900
2022-01-20,FPT,40230.0,41410.0,40170.0,40420.0,1334600
2022-01-21,FPT,40510.0,40880.0,40140.0,40140.0,841200
2022-01-24,FPT,40140.0,40270.0,38680.0,38830.0,2024200
2022-01-25,FPT,38770.0,39840.0,38240.0,39360.0,1192600
2022-01-26,FPT,39590.0,39590.0,38920.0,39150.0,913600
2022-01-27,FPT,39150.0,39450.0,38870.0,39090.0,719600
2022-01-28,FPT,39150.0,40740.0,39090.0,40740.0,1552300
2022-02-07,FPT,40970.0,41010.0,40510.0,40740.0,518400
2022-02-08,FPT,40740.0,41800.0,40740.0,41240.0,845100
2022-02-09,FPT,41750.0,41750.0,41240.0,41260.0,1142700
2022-02-10,FPT,41600.0,41870.0,41050.0,41870.0,974900
2022-02-11,FPT,41800.0,42050.0,41600.0,41700.0,641600
2022-02-14,FPT,41410.0,41700.0,41150.0,41410.0,774100
2022-02-15,FPT,41410.0,41750.0,41190.0,41460.0,655400
2022-02-16,FPT,41750.0,42090.0,41560.0,41560.0,614200
2022-02-17,FPT,41830.0,42230.0,41410.0,42230.0,853700
2022-02-18,FPT,42000.0,42090.0,41750.0,41950.0,618800
2022-02-21,FPT,41950.0,42780.0,41870.0,42560.0,1386000
2022-02-22,FPT,42340.0,42460.0,41870.0,42270.0,1158200
2022-02-23,FPT,42150.0,42750.0,42150.0,42340.0,973800
2022-02-24,FPT,42340.0,42560.0,40970.0,41870.0,1349600
2022-02-25,FPT,42050.0,42520.0,41910.0,42000.0,1059900
2022-02-28,FPT,42000.0,42560.0,42000.0,42460.0,1504600
2022-03-01,FPT,42780.0,42780.0,42090.0,42520.0,1101900
2022-03-02,FPT,42340.0,42520.0,42190.0,42370.0,1088900
2022-03-03,FPT,42430.0,42780.0,42430.0,42520.0,957600
2022-03-04,FPT,42460.0,42690.0,42340.0,42560.0,1343800
2022-03-07,FPT,42370.0,42750.0,41950.0,42690.0,1687800
2022-03-08,FPT,42690.0,43420.0,42150.0,43150.0,2227500
2022-03-09,FPT,43050.0,43920.0,43050.0,43460.0,2204000
2022-03-10,FPT,43830.0,43830.0,43050.0,43050.0,778700
2022-03-11,FPT,43000.0,43050.0,42190.0,42430.0,1139000
2022-03-14,FPT,42340.0,42340.0,41190.0,41800.0,1943000
2022-03-15,FPT,41800.0,41800.0,40880.0,41410.0,1872000
2022-03-16,FPT,41460.0,42000.0,41190.0,41700.0,1139600
2022-03-17,FPT,41800.0,42190.0,41650.0,42190.0,1046000
2022-03-18,FPT,42340.0,43960.0,42340.0,43290.0,2815100
2022-03-21,FPT,43340.0,43690.0,43240.0,43380.0,1560700
2022-03-22,FPT,43690.0,44150.0,43420.0,43870.0,2079200
2022-03-23,FPT,43920.0,44380.0,43690.0,43920.0,1975800
2022-03-24,FPT,43690.0,44250.0,43380.0,43690.0,1823700
2022-03-25,FPT,43750.0,43920.0,43510.0,43550.0,1228100
2022-03-28,FPT,43460.0,44930.0,43340.0,44640.0,3501600
2022-03-29,FPT,44870.0,47750.0,44870.0,47750.0,8154300
2022-03-30,FPT,48150.0,48830.0,47560.0,48250.0,2830700
2022-03-31,FPT,48010.0,50340.0,47610.0,48690.0,3472300
2022-04-01,FPT,48660.0,50520.0,48290.0,50520.0,4317300
2022-04-04,FPT,51660.0,51660.0,49750.0,49750.0,2687800
2022-04-05,FPT,49650.0,50790.0,49610.0,49610.0,1863900
2022-04-06,FPT,49330.0,51890.0,49330.0,51430.0,4179000
2022-04-07,FPT,51760.0,53190.0,51030.0,51560.0,3915200
2022-04-08,FPT,51560.0,51850.0,49370.0,49370.0,4069700
2022-04-12,FPT,49610.0,50750.0,48530.0,49970.0,3162100
2022-04-13,FPT,50070.0,52390.0,49970.0,52390.0,3322800
2022-04-14,FPT,52440.0,54110.0,52440.0,53060.0,3529400
2022-04-15,FPT,52390.0,53670.0,51890.0,52340.0,3121400
2022-04-18,FPT,52340.0,53970.0,51890.0,52560.0,3356100
2022-04-19,FPT,53030.0,53240.0,50970.0,50970.0,4731000
2022-04-20,FPT,50970.0,51430.0,49880.0,50970.0,3295000
2022-04-21,FPT,50600.0,52750.0,50600.0,50970.0,4068500
2022-04-22,FPT,51200.0,51850.0,48250.0,50550.0,5691600
2022-04-25,FPT,50110.0,50480.0,47060.0,47060.0,4605900
2022-04-26,FPT,45590.0,47790.0,44150.0,47470.0,5431400
2022-04-27,FPT,46250.0,47340.0,45740.0,46870.0,2529700
2022-04-28,FPT,46840.0,48610.0,46650.0,48010.0,2530400
2022-04-29,FPT,47790.0,48740.0,47420.0,47790.0,3991500
2022-05-04,FPT,47750.0,48190.0,47370.0,47560.0,1598400
2022-05-05,FPT,47610.0,48010.0,46370.0,47660.0,2194900
2022-05-06,FPT,46550.0,47340.0,45590.0,45590.0,2430900
2022-05-09,FPT,44730.0,45060.0,42780.0,42780.0,4499100
2022-05-10,FPT,42780.0,44970.0,41870.0,44770.0,2816700
2022-05-11,FPT,44600.0,46370.0,44050.0,46370.0,1667700
2022-05-12,FPT,45210.0,46370.0,43240.0,43510.0,2591500
2022-05-13,FPT,43750.0,45060.0,42370.0,42600.0,4103700
2022-05-16,FPT,44380.0,44380.0,42430.0,42430.0,1740900
2022-05-17,FPT,42340.0,45370.0,42090.0,45370.0,2045800
2022-05-18,FPT,45370.0,45550.0,44380.0,44460.0,1934400
2022-05-19,FPT,43290.0,44460.0,43290.0,44150.0,1228600
2022-05-20,FPT,44460.0,45020.0,44150.0,44380.0,1410400
2022-05-23,FPT,44680.0,44680.0,43750.0,43920.0,1136900
2022-05-24,FPT,43920.0,44680.0,43690.0,44680.0,1384700
2022-05-25,FPT,45280.0,47790.0,44930.0,47790.0,3770800
2022-05-26,FPT,47870.0,48740.0,47610.0,48050.0,1426400
2022-05-27,FPT,48050.0,50970.0,48010.0,50890.0,3878400
2022-05-30,FPT,50550.0,51150.0,49690.0,50650.0,2496900
2022-05-31,FPT,50650.0,50650.0,48930.0,50030.0,2157000
2022-06-01,FPT,50030.0,51380.0,49970.0,50890.0,2036500
2022-06-02,FPT,51330.0,52250.0,50550.0,50750.0,2292800
2022-06-03,FPT,50750.0,51890.0,50480.0,51890.0,1755900
2022-06-06,FPT,51890.0,52800.0,50970.0,51430.0,2558200
2022-06-07,FPT,51280.0,52620.0,49440.0,52620.0,3908000
2022-06-08,FPT,52950.0,53530.0,52110.0,52340.0,2660400
2022-06-09,FPT,52560.0,52750.0,51560.0,52470.0,1706300
2022-06-10,FPT,51620.0,52190.0,50070.0,50070.0,2972500
2022-06-13,FPT,48510.0,50050.0,47400.0,47510.0,3393300
2022-06-14,FPT,47400.0,49550.0,47130.0,49120.0,2308300
2022-06-15,FPT,49930.0,49930.0,48510.0,49880.0,1762600
2022-06-16,FPT,50150.0,51710.0,49720.0,50710.0,2517500
2022-06-17,FPT,49780.0,51040.0,49060.0,50710.0,2321400
2022-06-20,FPT,51540.0,52090.0,50330.0,50710.0,2483900
2022-06-21,FPT,50940.0,51540.0,49060.0,49120.0,2460200
2022-06-22,FPT,49500.0,49830.0,46520.0,46570.0,2971400
2022-06-23,FPT,46300.0,47840.0,46130.0,47130.0,2022500
2022-06-24,FPT,47450.0,48390.0,47130.0,47130.0,902400
2022-06-27,FPT,47630.0,48450.0,47350.0,47680.0,1254800
2022-06-28,FPT,49330.0,49720.0,48050.0,49450.0,2296600
2022-06-29,FPT,49010.0,49610.0,48620.0,49610.0,1182600
2022-06-30,FPT,49330.0,49550.0,47510.0,47510.0,1506500
2022-07-01,FPT,47950.0,48950.0,46750.0,48510.0,1696500
2022-07-04,FPT,48780.0,48780.0,47400.0,47790.0,1005500
2022-07-05,FPT,48390.0,48390.0,47060.0,47060.0,1395600
2022-07-06,FPT,46350.0,47350.0,46030.0,46030.0,2232400
2022-07-07,FPT,46250.0,46630.0,45800.0,45800.0,1286300
2022-07-08,FPT,46250.0,46300.0,45800.0,46080.0,910400
2022-07-11,FPT,46630.0,46630.0,45650.0,45650.0,998100
2022-07-12,FPT,45650.0,46030.0,45580.0,46030.0,602800
2022-07-13,FPT,46300.0,46300.0,45470.0,45470.0,1140700
2022-07-14,FPT,45650.0,46030.0,45300.0,45650.0,891300
2022-07-15,FPT,46300.0,46300.0,45300.0,45300.0,1382300
2022-07-18,FPT,45650.0,46570.0,45350.0,45750.0,1264900
2022-07-19,FPT,45690.0,45750.0,45300.0,45750.0,1185400
2022-07-20,FPT,46850.0,47350.0,46300.0,46800.0,2848900
2022-07-21,FPT,47350.0,47350.0,46570.0,46850.0,1804200
2022-07-22,FPT,47630.0,47680.0,46900.0,46900.0,1307200
2022-07-25,FPT,47950.0,47950.0,46900.0,47060.0,2245900
2022-07-26,FPT,47400.0,47400.0,46750.0,46750.0,1128800
2022-07-27,FPT,46630.0,46950.0,46520.0,46950.0,771100
2022-07-28,FPT,46950.0,47290.0,45800.0,46800.0,1664800
2022-07-29,FPT,46900.0,46950.0,46030.0,46030.0,1941800
2022-08-01,FPT,46300.0,46420.0,45800.0,46300.0,1815100
2022-08-02,FPT,46300.0,46800.0,46030.0,46460.0,1314800
2022-08-03,FPT,46850.0,46950.0,46420.0,46750.0,2249500
2022-08-04,FPT,46900.0,47730.0,46800.0,47450.0,3046800
2022-08-05,FPT,47450.0,48050.0,47190.0,47290.0,1773100
2022-08-08,FPT,47350.0,47630.0,47010.0,47400.0,1586800
2022-08-09,FPT,47400.0,48230.0,47240.0,47510.0,2320800
2022-08-10,FPT,47570.0,47790.0,47400.0,47400.0,1121400
2022-08-11,FPT,47510.0,47840.0,47240.0,47400.0,1852800
2022-08-12,FPT,47240.0,47680.0,47240.0,47680.0,1243100
2022-08-15,FPT,47730.0,49120.0,47730.0,49010.0,3085000
2022-08-16,FPT,49010.0,49260.0,48550.0,48890.0,1382800
2022-08-17,FPT,49060.0,49120.0,48510.0,48670.0,1506200
2022-08-18,FPT,48450.0,49450.0,48450.0,48670.0,2552900
2022-08-19,FPT,48510.0,48780.0,47510.0,47890.0,1957600
2022-08-22,FPT,47730.0,48120.0,47350.0,47840.0,1634000
2022-08-23,FPT,47450.0,47950.0,47450.0,47950.0,1085700
2022-08-24,FPT,48240.0,48400.0,48000.0,48050.0,1008000
2022-08-25,FPT,48050.0,48340.0,47950.0,48120.0,1143900
2022-08-26,FPT,48180.0,48960.0,48120.0,48620.0,1936600
2022-08-29,FPT,48510.0,48510.0,47240.0,48240.0,2228000
2022-08-30,FPT,48240.0,48510.0,47950.0,48180.0,1153200
2022-08-31,FPT,47840.0,48510.0,47840.0,48290.0,1173700
2022-09-05,FPT,48240.0,48340.0,47890.0,48050.0,1020900
2022-09-06,FPT,47950.0,48180.0,47840.0,47840.0,1171600
2022-09-07,FPT,47670.0,47890.0,46840.0,46840.0,2236400
2022-09-08,FPT,46890.0,47390.0,46720.0,47000.0,1135600
2022-09-09,FPT,47180.0,47390.0,47000.0,47000.0,1145400
2022-09-12,FPT,47000.0,47000.0,47000.0,47000.0,1145400
2022-09-13,FPT,47390.0,47560.0,47000.0,47180.0,1046400
2022-09-14,FPT,46550.0,47120.0,46550.0,46840.0,1309200
2022-09-15,FPT,47120.0,47120.0,46660.0,46660.0,780500
2022-09-16,FPT,46660.0,46780.0,46000.0,46000.0,1360100
2022-09-19,FPT,46000.0,46600.0,45660.0,46340.0,1783700
2022-09-20,FPT,46340.0,46720.0,45880.0,46510.0,575000
2022-09-21,FPT,46450.0,46450.0,45880.0,45880.0,775400
2022-09-22,FPT,45720.0,46280.0,45660.0,46230.0,1172400
2022-09-23,FPT,46340.0,46340.0,45770.0,45950.0,840600
2022-09-26,FPT,45450.0,45720.0,44760.0,45450.0,1863600
2022-09-27,FPT,45720.0,45720.0,44880.0,44880.0,932900
2022-09-28,FPT,44650.0,44820.0,43490.0,43490.0,2048400
2022-09-29,FPT,44490.0,44650.0,42930.0,42930.0,1303900
2022-09-30,FPT,42930.0,45060.0,42870.0,44880.0,2109900
2022-10-03,FPT,44390.0,44760.0,42600.0,42930.0,1245600
2022-10-04,FPT,43490.0,44050.0,43050.0,43230.0,2040000
2022-10-05,FPT,44050.0,44350.0,43720.0,43720.0,971900
2022-10-06,FPT,43990.0,43990.0,42650.0,42650.0,1266700
2022-10-07,FPT,42490.0,42490.0,41250.0,41250.0,2061000
2022-10-10,FPT,40980.0,42090.0,40200.0,41250.0,1625600
2022-10-11,FPT,41250.0,41250.0,39580.0,39580.0,1593600
2022-10-12,FPT,39580.0,40880.0,39580.0,40360.0,1463100
2022-10-13,FPT,40250.0,40700.0,39880.0,40700.0,829200
2022-10-14,FPT,41480.0,41550.0,41040.0,41250.0,844200
2022-10-17,FPT,40980.0,41210.0,40480.0,41150.0,706800
2022-10-18,FPT,41250.0,41980.0,41250.0,41770.0,879000
2022-10-19,FPT,41770.0,42490.0,41650.0,42090.0,1023700
2022-10-20,FPT,42270.0,43760.0,41980.0,43380.0,1730300
2022-10-21,FPT,43330.0,43330.0,41210.0,41210.0,1564900
2022-10-24,FPT,41210.0,41550.0,39580.0,39650.0,1426100
2022-10-25,FPT,39820.0,41550.0,39650.0,40820.0,1564600
2022-10-26,FPT,41550.0,41550.0,40550.0,41150.0,625100
2022-10-27,FPT,41310.0,42490.0,41090.0,42270.0,935900
2022-10-28,FPT,42550.0,42550.0,41650.0,41820.0,875800
2022-10-31,FPT,41820.0,42370.0,41090.0,42150.0,1084700
2022-11-01,FPT,42550.0,42820.0,41820.0,42090.0,561500
2022-11-02,FPT,41930.0,42370.0,41250.0,41250.0,978200
2022-11-03,FPT,41550.0,42220.0,41090.0,41310.0,622400
2022-11-04,FPT,41250.0,41250.0,39880.0,40650.0,1646800
2022-11-07,FPT,40480.0,41250.0,40480.0,40480.0,1572400
2022-11-08,FPT,39880.0,41210.0,39820.0,40880.0,945000
2022-11-09,FPT,40880.0,41430.0,40880.0,41250.0,697700
2022-11-10,FPT,40980.0,41090.0,38530.0,40700.0,1595200
2022-11-11,FPT,40750.0,41040.0,40140.0,40590.0,1002900
2022-11-14,FPT,40140.0,40360.0,39030.0,39480.0,1639000
2022-11-15,FPT,39030.0,39030.0,36740.0,36740.0,3114900
2022-11-16,FPT,34170.0,39030.0,34170.0,38640.0,3050400
2022-11-17,FPT,38640.0,40140.0,35960.0,39580.0,1546300
2022-11-18,FPT,39090.0,40140.0,38580.0,39880.0,1261700
2022-11-21,FPT,38750.0,40040.0,38750.0,39090.0,840500
2022-11-22,FPT,39030.0,40140.0,38530.0,39300.0,1176300
2022-11-23,FPT,39030.0,39580.0,38860.0,39300.0,465900
2022-11-24,FPT,38930.0,39580.0,38690.0,39300.0,788400
2022-11-25,FPT,39360.0,40140.0,39300.0,40140.0,1267400
2022-11-28,FPT,40360.0,41550.0,40310.0,41430.0,1146800
2022-11-29,FPT,41770.0,41770.0,40700.0,41430.0,1143800
2022-11-30,FPT,41550.0,41770.0,40980.0,41600.0,911500
2022-12-01,FPT,41870.0,42270.0,41310.0,41650.0,1776500
2022-12-02,FPT,41650.0,43330.0,41250.0,43160.0,2901400
2022-12-05,FPT,43490.0,44050.0,43160.0,43650.0,1216400
2022-12-06,FPT,43650.0,43990.0,42370.0,42370.0,1537700
2022-12-07,FPT,42330.0,42710.0,41720.0,42650.0,1029400
2022-12-08,FPT,42870.0,43930.0,42150.0,42930.0,1267300
2022-12-09,FPT,42550.0,43490.0,42490.0,43490.0,987500
2022-12-12,FPT,43270.0,43600.0,42600.0,42930.0,1213500
2022-12-13,FPT,42490.0,43100.0,41930.0,43050.0,899700
2022-12-14,FPT,43050.0,43230.0,42430.0,42550.0,1158000
2022-12-15,FPT,42600.0,43540.0,42600.0,43330.0,1170500
2022-12-16,FPT,42930.0,43490.0,42600.0,43440.0,910900
2022-12-19,FPT,43650.0,43650.0,42710.0,42710.0,1026200
2022-12-20,FPT,43050.0,43050.0,42040.0,42710.0,785800
2022-12-21,FPT,43050.0,43160.0,42220.0,43050.0,544100
2022-12-22,FPT,43050.0,43230.0,42370.0,43050.0,657800
2022-12-23,FPT,42600.0,43490.0,42490.0,43490.0,1221000
2022-12-26,FPT,43330.0,43540.0,42600.0,42600.0,832500
2022-12-27,FPT,42650.0,43230.0,42370.0,42650.0,805200
2022-12-28,FPT,42930.0,42930.0,42370.0,42760.0,589200
2022-12-29,FPT,42650.0,42930.0,42490.0,42490.0,655300
2022-12-30,FPT,42490.0,42870.0,42370.0,42870.0,628600
2023-01-03,FPT,42870.0,44600.0,42820.0,44600.0,1535200
2023-01-04,FPT,45060.0,45180.0,44220.0,44600.0,794300
2023-01-05,FPT,44710.0,45450.0,44710.0,44940.0,1012600
2023-01-06,FPT,44820.0,45220.0,44710.0,44760.0,719400
2023-01-09,FPT,44880.0,45120.0,44550.0,44760.0,518900
2023-01-10,FPT,45000.0,45330.0,44710.0,44820.0,752700
2023-01-11,FPT,44820.0,45510.0,44820.0,45120.0,1076900
2023-01-12,FPT,45180.0,45450.0,44710.0,45000.0,542500
2023-01-13,FPT,44880.0,45270.0,44600.0,44600.0,628300
2023-01-16,FPT,44650.0,45180.0,44440.0,45060.0,574500
2023-01-17,FPT,45270.0,45720.0,45180.0,45720.0,978200
2023-01-18,FPT,45770.0,46510.0,45600.0,46510.0,954600
2023-01-19,FPT,46280.0,46950.0,46230.0,46780.0,1327200
2023-01-27,FPT,46890.0,47670.0,46840.0,46840.0,1140700
2023-01-30,FPT,46950.0,47060.0,46660.0,46660.0,891000
2023-01-31,FPT,46550.0,46660.0,45550.0,46550.0,1529100
2023-02-01,FPT,46840.0,46840.0,45600.0,45720.0,1048300
2023-02-02,FPT,45770.0,45950.0,45330.0,45660.0,1325200
2023-02-03,FPT,45720.0,45720.0,44650.0,44650.0,1729000
2023-02-06,FPT,44600.0,45510.0,44440.0,44880.0,943400
2023-02-07,FPT,44880.0,45660.0,44880.0,45000.0,750800
2023-02-08,FPT,45060.0,45550.0,44940.0,45270.0,669700
2023-02-09,FPT,45180.0,45510.0,45000.0,45000.0,743000
2023-02-10,FPT,45220.0,45270.0,44880.0,45000.0,725000
2023-02-13,FPT,45000.0,45270.0,44600.0,45000.0,613200
2023-02-14,FPT,45000.0,45180.0,44710.0,45060.0,619700
2023-02-15,FPT,44880.0,45660.0,44760.0,45510.0,645200
2023-02-16,FPT,45510.0,45720.0,45000.0,45510.0,424200
2023-02-17,FPT,45270.0,45510.0,45180.0,45510.0,467600
2023-02-20,FPT,45510.0,46280.0,45390.0,46170.0,1275100
2023-02-21,FPT,46170.0,46660.0,46060.0,46170.0,840000
2023-02-22,FPT,45880.0,46000.0,45600.0,45600.0,747200
2023-02-23,FPT,45550.0,45550.0,44940.0,45390.0,1160500
2023-02-24,FPT,45220.0,45330.0,44820.0,45060.0,559200
2023-02-27,FPT,44600.0,44880.0,44550.0,44760.0,1015400
2023-02-28,FPT,44600.0,45000.0,44350.0,44880.0,524300
2023-03-01,FPT,44350.0,44880.0,43880.0,44880.0,1376400
2023-03-02,FPT,44600.0,44880.0,44490.0,44600.0,430800
2023-03-03,FPT,44220.0,44600.0,43760.0,43760.0,740800
2023-03-06,FPT,43540.0,44490.0,43540.0,43600.0,817200
2023-03-07,FPT,44110.0,44550.0,43930.0,43930.0,792000
2023-03-08,FPT,43760.0,44350.0,43760.0,44350.0,510600
2023-03-09,FPT,44350.0,45000.0,44160.0,44940.0,640300
2023-03-10,FPT,44710.0,44820.0,44050.0,44350.0,640900
2023-03-13,FPT,43540.0,44280.0,43540.0,43990.0,886500
2023-03-14,FPT,44050.0,44110.0,43760.0,43880.0,427400
2023-03-15,FPT,44110.0,44880.0,44110.0,44880.0,691800
2023-03-16,FPT,44600.0,44600.0,43720.0,44160.0,850000
2023-03-17,FPT,44390.0,44600.0,43820.0,44050.0,429400
2023-03-20,FPT,44110.0,44220.0,43270.0,43270.0,769800
2023-03-21,FPT,43820.0,43880.0,42980.0,43540.0,536200
2023-03-22,FPT,43600.0,43820.0,43270.0,43820.0,548000
2023-03-23,FPT,43720.0,43760.0,43270.0,43490.0,313700
2023-03-24,FPT,43650.0,43930.0,43490.0,43760.0,281800
2023-03-27,FPT,43990.0,44160.0,43760.0,44110.0,718500
2023-03-28,FPT,44160.0,44160.0,43230.0,44050.0,928000
2023-03-29,FPT,44160.0,44220.0,43820.0,43990.0,369400
2023-03-30,FPT,44050.0,44220.0,43930.0,44110.0,337000
2023-03-31,FPT,44110.0,44350.0,44050.0,44160.0,564900
2023-04-03,FPT,44280.0,44880.0,44110.0,44880.0,1075300
2023-04-04,FPT,45120.0,45180.0,44600.0,44600.0,528100
2023-04-05,FPT,44880.0,44880.0,44440.0,44820.0,373700
2023-04-06,FPT,45000.0,45450.0,44760.0,44880.0,571400
2023-04-07,FPT,44710.0,45000.0,44600.0,44650.0,237400
2023-04-10,FPT,45180.0,45180.0,44650.0,44760.0,726000
2023-04-11,FPT,44710.0,44880.0,44650.0,44650.0,512800
2023-04-12,FPT,44760.0,44880.0,44550.0,44600.0,549900
2023-04-13,FPT,44760.0,44820.0,44220.0,44390.0,488300
2023-04-14,FPT,44550.0,44650.0,44220.0,44280.0,347000
2023-04-17,FPT,44390.0,44440.0,44050.0,44110.0,400700
2023-04-18,FPT,44390.0,44600.0,44160.0,44390.0,260800
2023-04-19,FPT,44490.0,44490.0,44220.0,44220.0,372400
2023-04-20,FPT,44490.0,44490.0,44160.0,44280.0,330600
2023-04-21,FPT,44600.0,44600.0,44220.0,44280.0,248000
2023-04-24,FPT,44350.0,44940.0,44050.0,44160.0,781900
2023-04-25,FPT,44110.0,44220.0,43650.0,43820.0,480500
2023-04-26,FPT,43540.0,43720.0,43270.0,43440.0,706100
2023-04-27,FPT,43540.0,43930.0,43540.0,43650.0,206900
2023-04-28,FPT,43930.0,43930.0,43600.0,43650.0,540200
2023-05-04,FPT,43380.0,43880.0,43270.0,43600.0,461000
2023-05-05,FPT,43820.0,43820.0,43600.0,43650.0,297500
2023-05-08,FPT,43760.0,43990.0,43720.0,43820.0,308400
2023-05-09,FPT,43820.0,44490.0,43820.0,43990.0,573800
2023-05-10,FPT,44050.0,44390.0,44050.0,44110.0,518900
2023-05-11,FPT,44110.0,44390.0,44050.0,44050.0,442500
2023-05-12,FPT,44220.0,44940.0,43930.0,44880.0,869300
2023-05-15,FPT,45390.0,45600.0,45120.0,45120.0,899900
2023-05-16,FPT,45180.0,45550.0,45060.0,45450.0,766500
2023-05-17,FPT,45660.0,46120.0,45220.0,45330.0,946100
2023-05-18,FPT,45600.0,46280.0,45390.0,46230.0,1373800
2023-05-19,FPT,46280.0,46450.0,45600.0,46170.0,979100
2023-05-22,FPT,46170.0,46170.0,45720.0,46000.0,530200
2023-05-23,FPT,46000.0,46000.0,45390.0,45450.0,599900
2023-05-24,FPT,45720.0,45770.0,45220.0,45330.0,464300
2023-05-25,FPT,45270.0,46510.0,45180.0,46400.0,1341300
2023-05-26,FPT,46340.0,46510.0,45880.0,46340.0,864400
2023-05-29,FPT,46550.0,46660.0,46230.0,46340.0,879600
2023-05-30,FPT,46280.0,47350.0,46230.0,46840.0,1659100
2023-05-31,FPT,46950.0,46950.0,46340.0,46890.0,839400
2023-06-01,FPT,46840.0,46840.0,46340.0,46550.0,537300
2023-06-02,FPT,46550.0,47000.0,46340.0,46720.0,735900
2023-06-05,FPT,46780.0,47510.0,46720.0,47390.0,1425500
2023-06-06,FPT,47560.0,47560.0,47240.0,47560.0,514000
2023-06-07,FPT,47390.0,47620.0,47000.0,47390.0,705800
2023-06-08,FPT,47240.0,47350.0,46550.0,46600.0,1244500
2023-06-09,FPT,47000.0,47240.0,46660.0,47180.0,680200
2023-06-12,FPT,47120.0,47350.0,46600.0,47350.0,519700
2023-06-13,FPT,47060.0,47350.0,47000.0,47060.0,466800
2023-06-14,FPT,47000.0,47280.0,46890.0,46950.0,658600
2023-06-15,FPT,46950.0,47060.0,46600.0,46890.0,798600
2023-06-16,FPT,46890.0,48050.0,46510.0,47120.0,2231500
2023-06-19,FPT,47240.0,47670.0,47120.0,47240.0,663200
2023-06-20,FPT,47390.0,47840.0,47240.0,47670.0,944500
2023-06-21,FPT,47670.0,48180.0,47620.0,47840.0,705800
2023-06-22,FPT,48000.0,48240.0,47240.0,47670.0,1019700
2023-06-23,FPT,47730.0,47730.0,47280.0,47450.0,822000
2023-06-26,FPT,47450.0,47840.0,47180.0,47840.0,859400
2023-06-27,FPT,47950.0,48680.0,47950.0,48680.0,1540400
2023-06-28,FPT,48730.0,48960.0,48510.0,48510.0,964900
2023-06-29,FPT,48510.0,48560.0,48240.0,48240.0,562400
2023-06-30,FPT,48240.0,48290.0,47950.0,47950.0,733500
2023-07-03,FPT,48240.0,48400.0,47950.0,48180.0,1039600
2023-07-04,FPT,48180.0,48510.0,48050.0,48510.0,1328100
2023-07-05,FPT,48720.0,49630.0,48530.0,48530.0,1787300
2023-07-06,FPT,48530.0,48780.0,48000.0,48390.0,1517000
2023-07-07,FPT,48130.0,48970.0,48130.0,48840.0,896300
2023-07-10,FPT,48840.0,49230.0,48580.0,48840.0,1154300
2023-07-11,FPT,48840.0,48910.0,48650.0,48650.0,1091300
2023-07-12,FPT,48650.0,49110.0,48580.0,48840.0,904900
2023-07-13,FPT,49170.0,49170.0,48910.0,49170.0,1252400
2023-07-14,FPT,49880.0,50790.0,49360.0,50790.0,2822800
2023-07-17,FPT,51250.0,51360.0,50930.0,51250.0,1153300
2023-07-18,FPT,51250.0,51250.0,50660.0,51050.0,718300
2023-07-19,FPT,50930.0,51170.0,50790.0,50930.0,708600
2023-07-20,FPT,50980.0,52750.0,50930.0,52090.0,2294300
2023-07-21,FPT,51710.0,52540.0,51640.0,52540.0,1273600
2023-07-24,FPT,52540.0,52750.0,52280.0,52540.0,1172700
2023-07-25,FPT,52540.0,53320.0,52540.0,52750.0,1056900
2023-07-26,FPT,52670.0,53650.0,52610.0,53650.0,1270800
2023-07-27,FPT,53710.0,54740.0,53710.0,54290.0,1417700
2023-07-28,FPT,54160.0,54740.0,53900.0,54740.0,898400
2023-07-31,FPT,54940.0,55650.0,54740.0,55530.0,1471500
2023-08-01,FPT,55530.0,55980.0,54810.0,54810.0,1287300
2023-08-02,FPT,54810.0,55010.0,54160.0,54160.0,996300
2023-08-03,FPT,54350.0,54620.0,53780.0,54290.0,907900
2023-08-04,FPT,54490.0,54810.0,54040.0,54040.0,1618900
2023-08-07,FPT,54230.0,54810.0,54040.0,54810.0,752500
2023-08-08,FPT,54490.0,54870.0,54350.0,54620.0,636000
2023-08-09,FPT,54490.0,54940.0,53840.0,53900.0,982700
2023-08-10,FPT,53900.0,54040.0,53320.0,53320.0,1343300
2023-08-11,FPT,53180.0,53840.0,52870.0,53180.0,1142900
2023-08-14,FPT,53250.0,53960.0,53180.0,53590.0,1014100
2023-08-15,FPT,53590.0,54690.0,52870.0,54490.0,1675600
2023-08-16,FPT,53960.0,55270.0,53960.0,55210.0,2595400
2023-08-17,FPT,55140.0,56550.0,55140.0,55780.0,3693800
2023-08-18,FPT,55530.0,57020.0,54690.0,55470.0,4243700
2023-08-21,FPT,55720.0,56250.0,55470.0,55720.0,2452800
2023-08-22,FPT,55980.0,56120.0,53840.0,56120.0,2330300
2023-08-23,FPT,56050.0,56320.0,54940.0,56120.0,1418500
2023-08-24,FPT,56120.0,59120.0,55840.0,59070.0,5251600
2023-08-25,FPT,58730.0,59730.0,58470.0,59450.0,2791400
2023-08-28,FPT,60380.0,61880.0,59730.0,61690.0,2950700
2023-08-29,FPT,61690.0,61690.0,60900.0,61440.0,1547400
2023-08-30,FPT,61150.0,64450.0,61080.0,63390.0,2360700
2023-08-31,FPT,63390.0,63990.0,63050.0,63450.0,1403700
2023-09-05,FPT,63720.0,64769.99999999999,63530.0,63530.0,1439600
2023-09-06,FPT,63720.0,64980.00000000001,63200.0,64980.00000000001,2491000
2023-09-07,FPT,64980.00000000001,66150.0,64050.0,64250.0,3249600
2023-09-08,FPT,63990.0,64640.0,63650.0,64050.0,2115600
2023-09-11,FPT,64769.99999999999,65290.00000000001,62540.0,63930.0,5149800
2023-09-12,FPT,63930.0,64910.0,63930.0,64910.0,2680700
2023-09-13,FPT,64910.0,64980.00000000001,63930.0,64319.99999999999,2889300
2023-09-14,FPT,64319.99999999999,64319.99999999999,62680.0,62940.0,2319700
2023-09-15,FPT,63010.0,64180.00000000001,62540.0,63990.0,2134800
2023-09-18,FPT,63600.0,63600.0,62810.0,63600.0,2026900
2023-09-19,FPT,63530.0,64569.99999999999,62940.0,64569.99999999999,3583600
2023-09-20,FPT,64849.99999999999,65420.0,64640.0,64640.0,2444800
2023-09-21,FPT,64640.0,64910.0,63200.0,63530.0,3419000
2023-09-22,FPT,62410.0,63650.0,60770.0,63450.0,6861000
2023-09-25,FPT,63650.0,64050.0,61880.0,61880.0,2097100
2023-09-26,FPT,61810.0,62680.0,61080.0,61360.0,2154100
2023-09-27,FPT,61620.0,61880.0,59320.0,61880.0,4510400
2023-09-28,FPT,61750.0,61880.0,59980.0,61690.0,1764400
2023-09-29,FPT,61690.0,62280.0,60900.0,60900.0,1635300
2023-10-02,FPT,61290.0,61570.0,60380.0,61150.0,1137500
2023-10-03,FPT,60510.0,61360.0,60040.0,60510.0,2006900
2023-10-04,FPT,59910.0,61290.0,59910.0,60720.0,1591700
2023-10-05,FPT,60900.0,61230.0,60110.0,60110.0,1369100
2023-10-06,FPT,60040.0,60900.0,59730.0,60850.0,1147700
2023-10-09,FPT,60650.0,62740.0,60510.0,62740.0,3657000
2023-10-10,FPT,63340.0,63780.0,62610.0,63200.0,3255500
2023-10-11,FPT,62940.0,64319.99999999999,62940.0,63650.0,2358200
2023-10-12,FPT,63650.0,64180.00000000001,63010.0,63260.0,1881200
2023-10-13,FPT,63010.0,63200.0,62540.0,63050.0,2362100
2023-10-16,FPT,63530.0,64910.0,63200.0,63530.0,4974600
2023-10-17,FPT,64180.00000000001,64180.00000000001,61080.0,61080.0,2420100
2023-10-18,FPT,62280.0,62280.0,59730.0,61040.0,6142800
2023-10-19,FPT,61690.0,61880.0,60380.0,60380.0,3029400
2023-10-20,FPT,60720.0,61040.0,59120.0,60960.0,2863200
2023-10-23,FPT,61570.0,61570.0,59600.0,59730.0,1971700
2023-10-24,FPT,60650.0,60650.0,59600.0,60380.0,1612400
2023-10-25,FPT,60250.0,60850.0,59660.0,59660.0,1836500
2023-10-26,FPT,57950.0,59010.0,56440.0,56960.0,5909500
2023-10-27,FPT,57420.0,57750.0,56630.0,57100.0,2034800
2023-10-30,FPT,57100.0,57160.0,55770.0,55770.0,1869500
2023-10-31,FPT,55840.0,55980.0,54460.0,54460.0,3087200
2023-11-01,FPT,55330.0,56050.0,54220.0,56050.0,2175200
2023-11-02,FPT,56700.0,58410.0,56390.0,58410.0,2204000
2023-11-03,FPT,58410.0,58550.0,57100.0,57100.0,4842300
2023-11-06,FPT,57880.0,58350.0,57620.0,58080.0,1210100
2023-11-07,FPT,58080.0,58270.0,57680.0,57950.0,1340200
2023-11-08,FPT,57950.0,60770.0,57950.0,60770.0,2943200
2023-11-09,FPT,60380.0,61230.0,60250.0,60720.0,2110200
2023-11-10,FPT,60040.0,60850.0,59910.0,60040.0,2406500
2023-11-13,FPT,60110.0,60380.0,59390.0,59980.0,1532100
2023-11-14,FPT,60380.0,61290.0,59910.0,60770.0,1997800
2023-11-15,FPT,61500.0,61570.0,60380.0,60650.0,2417600
2023-11-16,FPT,60510.0,61040.0,60110.0,61040.0,1906300
2023-11-17,FPT,61290.0,61360.0,59450.0,59730.0,3567900
2023-11-20,FPT,59120.0,60770.0,58470.0,59530.0,1656500
2023-11-21,FPT,60380.0,60380.0,59530.0,60320.0,1460700
2023-11-22,FPT,60320.0,61080.0,60320.0,61040.0,3271700
2023-11-23,FPT,61230.0,61500.0,59600.0,59600.0,2165700
2023-11-24,FPT,59600.0,60380.0,59190.0,59850.0,2248500
2023-11-27,FPT,59980.0,59980.0,59120.0,59530.0,1659500
2023-11-28,FPT,59600.0,60320.0,59010.0,59790.0,1090700
2023-11-29,FPT,60110.0,60380.0,59790.0,60170.0,801500
2023-11-30,FPT,59980.0,61500.0,59910.0,60320.0,1982400
2023-12-01,FPT,60510.0,60960.0,59910.0,60650.0,1190800
2023-12-04,FPT,60770.0,61690.0,60770.0,61440.0,3462300
2023-12-05,FPT,61570.0,62870.0,61500.0,62220.0,3590200
2023-12-06,FPT,62350.0,62610.0,61750.0,62350.0,1220700
2023-12-07,FPT,62410.0,62540.0,60900.0,61880.0,3761200
2023-12-08,FPT,61880.0,62410.0,61360.0,61810.0,1745800
2023-12-11,FPT,62680.0,62810.0,62080.0,62350.0,1564500
2023-12-12,FPT,62610.0,63530.0,62540.0,63530.0,4084900
2023-12-13,FPT,63930.0,63930.0,62470.0,62470.0,2148100
2023-12-14,FPT,62870.0,63260.0,62470.0,63130.0,1712300
2023-12-15,FPT,63130.0,63200.0,62350.0,63130.0,1474300
2023-12-18,FPT,62940.0,63130.0,61500.0,61690.0,2266500
2023-12-19,FPT,61620.0,62080.0,61440.0,62080.0,1250400
2023-12-20,FPT,61880.0,62350.0,61750.0,62150.0,1349500
2023-12-21,FPT,62080.0,62410.0,61690.0,62410.0,1756800
2023-12-22,FPT,62350.0,62410.0,61950.0,62080.0,1275400
2023-12-25,FPT,62280.0,63130.0,62220.0,63010.0,2017000
2023-12-26,FPT,63340.0,64700.0,63260.0,63780.0,3359900
2023-12-27,FPT,63930.0,64180.00000000001,63600.0,63600.0,1355900
2023-12-28,FPT,63650.0,63650.0,63200.0,63390.0,1196600
2023-12-29,FPT,63390.0,63650.0,63050.0,63050.0,1866600
2024-01-02,FPT,63600.0,63600.0,62810.0,62940.0,1714500
2024-01-03,FPT,62740.0,63340.0,62610.0,63200.0,1436900
2024-01-04,FPT,63200.0,64569.99999999999,63130.0,63780.0,2973900
2024-01-05,FPT,63850.0,63990.0,63340.0,63930.0,1138600
2024-01-08,FPT,63930.0,64500.0,63720.0,63850.0,1443000
2024-01-09,FPT,63850.0,63850.0,63390.0,63390.0,1211700
2024-01-10,FPT,63450.0,63600.0,62010.0,62150.0,3302500
2024-01-11,FPT,62150.0,62610.0,62150.0,62350.0,1370900
2024-01-12,FPT,62220.0,62740.0,61750.0,62150.0,2597000
2024-01-15,FPT,62350.0,62940.0,62280.0,62610.0,1312200
2024-01-16,FPT,62150.0,62810.0,62150.0,62810.0,810000
2024-01-17,FPT,62740.0,63010.0,62350.0,62810.0,1414000
2024-01-18,FPT,62810.0,63010.0,62470.0,62740.0,1136900
2024-01-19,FPT,63010.0,63600.0,62810.0,63200.0,1493200
2024-01-22,FPT,63530.0,63530.0,62870.0,63260.0,1108000
2024-01-23,FPT,63050.0,63260.0,62610.0,62740.0,1480400
2024-01-24,FPT,62870.0,62870.0,62280.0,62350.0,1722100
2024-01-25,FPT,62410.0,62810.0,62220.0,62410.0,845100
2024-01-26,FPT,62680.0,63130.0,62540.0,62940.0,925400
2024-01-29,FPT,62940.0,63050.0,62540.0,62940.0,1060700
2024-01-30,FPT,62940.0,62940.0,62610.0,62740.0,949000
2024-01-31,FPT,62740.0,63010.0,62680.0,62810.0,1381500
2024-02-01,FPT,62940.0,65560.0,62810.0,65560.0,7793700
2024-02-02,FPT,65760.0,67060.0,65690.0,66950.0,2876100
2024-02-05,FPT,66950.0,68310.0,66870.0,67930.0,2694400
2024-02-06,FPT,67990.0,68910.0,67540.0,68310.0,1884300
2024-02-07,FPT,68710.0,68910.0,68190.0,68850.0,2125400
2024-02-15,FPT,69030.0,69240.0,68120.0,68250.0,2248400
2024-02-16,FPT,68250.0,68970.0,68120.0,68970.0,2066000
2024-02-19,FPT,69240.0,70230.0,68910.0,68910.0,2031800
2024-02-20,FPT,69030.0,69030.0,68250.0,68450.0,1844300
2024-02-21,FPT,68250.0,70150.0,67930.0,69500.0,3137500
2024-02-22,FPT,69500.0,69560.0,68650.0,68650.0,1718700
2024-02-23,FPT,69240.0,70030.0,67780.0,68190.0,4103500
2024-02-26,FPT,68190.0,70870.0,67930.0,70870.0,4466700
2024-02-27,FPT,71200.0,71860.0,70480.0,70820.0,2800800
2024-02-28,FPT,70870.0,71200.0,69750.0,71200.0,3461700
2024-02-29,FPT,71000.0,71800.0,70680.0,71550.0,2824800
2024-03-01,FPT,71670.0,73100.0,71610.0,72720.0,4019400
2024-03-04,FPT,72850.0,73370.0,72720.0,73100.0,3087100
2024-03-05,FPT,73100.0,73100.0,72120.0,72650.0,3383000
2024-03-06,FPT,72190.0,72450.0,71140.0,71610.0,3702600
2024-03-07,FPT,71610.0,74750.0,71000.0,73040.0,4037600
2024-03-08,FPT,73040.0,73890.0,71860.0,72190.0,3115600
2024-03-11,FPT,72190.0,74480.0,72190.0,72190.0,3381500
2024-03-12,FPT,72190.0,74480.0,72190.0,73450.0,2907800
2024-03-13,FPT,74030.0,76780.0,73520.0,76780.0,5114200
2024-03-14,FPT,77770.0,77770.0,75940.0,76780.0,3463000
2024-03-15,FPT,76650.0,76650.0,75150.0,76140.0,3838400
2024-03-18,FPT,76000.0,76000.0,72920.0,74160.0,5884600
2024-03-19,FPT,74160.0,74160.0,72920.0,73520.0,3315400
2024-03-20,FPT,73690.0,75460.0,72920.0,75150.0,3475700
2024-03-21,FPT,75590.0,76250.0,75210.0,76250.0,3757800
2024-03-22,FPT,76310.0,76310.0,75150.0,75410.0,2414800
2024-03-25,FPT,74880.0,75530.0,74680.0,74820.0,2794400
2024-03-26,FPT,74820.0,75800.0,74550.0,75460.0,1693300
2024-03-27,FPT,75280.0,75660.0,74880.0,75590.0,1320200
2024-03-28,FPT,76060.0,77050.0,75660.0,76850.0,2803200
2024-03-29,FPT,76380.0,76920.0,76140.0,76450.0,1343500
2024-04-01,FPT,76140.0,77170.0,75590.0,76650.0,1974600
2024-04-02,FPT,75730.0,76780.0,75730.0,76780.0,2285800
2024-04-03,FPT,76210.0,76780.0,75530.0,75530.0,2549000
2024-04-04,FPT,75460.0,76000.0,74820.0,74820.0,2359500
2024-04-05,FPT,74230.0,75280.0,73890.0,74610.0,2759000
2024-04-08,FPT,74610.0,74610.0,73890.0,73890.0,1952000
2024-04-09,FPT,73890.0,74280.0,73830.0,74160.0,1432500
2024-04-10,FPT,74480.0,75870.0,74350.0,74680.0,1791100
2024-04-11,FPT,74480.0,75730.0,74350.0,75410.0,1549400
2024-04-12,FPT,76060.0,76060.0,75010.0,75800.0,1367300
2024-04-15,FPT,75800.0,75870.0,73160.0,73240.0,3701900
2024-04-16,FPT,73520.0,74280.0,73160.0,74160.0,3642700
2024-04-17,FPT,74230.0,74230.0,73240.0,73370.0,1943300
2024-04-19,FPT,72520.0,72970.0,71550.0,71550.0,5361100
2024-04-22,FPT,72190.0,73100.0,71470.0,72390.0,2397300
2024-04-23,FPT,72790.0,74350.0,72120.0,73690.0,4037600
2024-04-24,FPT,74550.0,78830.0,74280.0,78830.0,10158700
2024-04-25,FPT,80390.0,84000.0,80000.0,80850.0,5707700
2024-04-26,FPT,80730.0,82300.0,80200.0,80850.0,3396500
2024-05-02,FPT,81250.0,84660.0,81050.0,83540.0,3469300
2024-05-03,FPT,84060.0,84260.0,82430.0,82630.0,3191200
2024-05-06,FPT,83020.0,83750.0,81690.0,83750.0,2704600
2024-05-07,FPT,84000.0,86350.0,83470.0,86150.0,3122800
2024-05-08,FPT,85380.0,85980.0,84860.0,85980.0,3017800
2024-05-09,FPT,85710.0,87150.0,85310.0,85510.0,2203300
2024-05-10,FPT,86150.0,86760.0,84800.0,85980.0,3789700
2024-05-13,FPT,86150.0,86290.0,84530.0,85110.0,1852200
2024-05-14,FPT,85310.0,86430.0,85050.0,85650.0,2304600
2024-05-15,FPT,86290.0,88270.0,86150.0,88010.0,3653100
2024-05-16,FPT,88990.0,90100.0,88070.0,88860.0,3119000
2024-05-17,FPT,88860.0,89250.0,87750.0,88270.0,2306400
2024-05-20,FPT,88730.0,89320.0,87280.0,87280.0,2013500
2024-05-21,FPT,87950.0,89250.0,87600.0,89250.0,3471900
2024-05-22,FPT,90500.0,91680.0,89320.0,90560.0,4511800
2024-05-23,FPT,90240.0,90440.0,88600.0,90240.0,3621500
2024-05-24,FPT,90560.0,90560.0,85710.0,86560.0,13375600
2024-05-27,FPT,87280.0,87600.0,85710.0,87150.0,5157800
2024-05-28,FPT,87950.0,89910.0,87350.0,89910.0,4625300
2024-05-29,FPT,89970.0,90690.0,88460.0,89050.0,5837600
2024-05-30,FPT,87810.0,88600.0,86560.0,88600.0,7261300
2024-05-31,FPT,88600.0,89770.0,87810.0,88330.0,2633500
2024-06-03,FPT,88600.0,90310.0,88390.0,89850.0,7773600
2024-06-04,FPT,91220.0,91420.0,90440.0,91290.0,7009800
2024-06-05,FPT,91870.0,95100.0,91680.0,91940.0,6321600
2024-06-06,FPT,92070.0,92990.0,91080.0,91610.0,5211800
2024-06-07,FPT,92540.0,93200.0,92210.0,93200.0,3756900
2024-06-10,FPT,94170.0,95170.0,93850.0,94500.0,3775400
2024-06-11,FPT,94700.0,96130.0,93920.0,96130.0,6327300
2024-06-12,FPT,97180.0,100840.0,97110.0,100320.0,11215500
2024-06-13,FPT,101590.0,101670.0,98780.0,98780.0,8136200
2024-06-14,FPT,98850.0,100750.0,98020.0,99550.0,6406200
2024-06-17,FPT,99550.0,99850.0,97650.0,97880.0,4867600
2024-06-18,FPT,97880.0,98560.0,97260.0,97260.0,6680000
2024-06-19,FPT,97260.0,100910.0,96190.0,99930.0,9669200
2024-06-20,FPT,101070.0,103120.0,100150.0,101300.0,10465700
2024-06-21,FPT,101750.0,103420.0,101300.0,103420.0,7653300
2024-06-24,FPT,102580.0,102970.0,100320.0,100380.0,13186900
2024-06-25,FPT,99550.0,99620.0,97730.0,98780.0,13706800
2024-06-26,FPT,99550.0,100150.0,98330.0,100150.0,7147400
2024-06-27,FPT,99770.0,101910.0,99390.0,100910.0,6403700
2024-06-28,FPT,100910.0,100910.0,99090.0,99170.0,6633000
2024-07-01,FPT,99090.0,99090.0,97650.0,97730.0,6376000
2024-07-02,FPT,97730.0,100380.0,96890.0,97260.0,6720600
2024-07-03,FPT,99170.0,100910.0,98850.0,99550.0,7634100
2024-07-04,FPT,100380.0,103200.0,100380.0,103200.0,8117900
2024-07-05,FPT,103420.0,106150.0,103420.0,105400.0,7789400
2024-07-08,FPT,105250.0,106070.0,104490.0,106070.0,5865700
2024-07-09,FPT,105700.0,105850.0,103340.0,104490.0,9676100
2024-07-10,FPT,103340.0,104100.0,101830.0,101830.0,6294700
2024-07-11,FPT,101910.0,102890.0,100670.0,101070.0,6842100
2024-07-12,FPT,100450.0,103340.0,100450.0,101670.0,3553400
2024-07-15,FPT,101440.0,102440.0,100540.0,100840.0,3067200
2024-07-16,FPT,101510.0,102210.0,100540.0,101830.0,4002300
2024-07-17,FPT,101830.0,101910.0,98710.0,100240.0,6970100
2024-07-18,FPT,99850.0,99850.0,97110.0,97180.0,10800200
2024-07-19,FPT,97730.0,98250.0,95750.0,95750.0,6551700
2024-07-22,FPT,95750.0,95750.0,93620.0,94300.0,6216900
2024-07-23,FPT,94910.0,96890.0,94840.0,95360.0,5311600
2024-07-24,FPT,95360.0,96190.0,94230.0,95750.0,4151700
2024-07-25,FPT,94370.0,95360.0,94300.0,94990.0,2563400
2024-07-26,FPT,95670.0,97260.0,94530.0,97260.0,3951100
2024-07-29,FPT,98780.0,99250.0,98020.0,98020.0,4859800
2024-07-30,FPT,98020.0,98410.0,96510.0,97260.0,2373800
2024-07-31,FPT,96740.0,97730.0,96190.0,97730.0,2869200
2024-08-01,FPT,98490.0,98560.0,94300.0,94840.0,6870300
2024-08-02,FPT,92770.0,94840.0,91950.0,93620.0,9944700
2024-08-05,FPT,92030.0,93390.0,89210.0,90120.0,10415200
2024-08-06,FPT,91190.0,92640.0,91030.0,91790.0,6728100
2024-08-07,FPT,91950.0,92700.0,91350.0,92700.0,2822800
2024-08-08,FPT,92410.0,93010.0,91860.0,92250.0,2654900
2024-08-09,FPT,93010.0,96430.0,92700.0,96430.0,5496400
2024-08-12,FPT,96430.0,98940.0,95910.0,98780.0,6183500
2024-08-13,FPT,98560.0,98940.0,97260.0,98560.0,4097900
2024-08-14,FPT,99320.0,99930.0,98410.0,98410.0,2862200
2024-08-15,FPT,98100.0,98410.0,97420.0,97810.0,2257600
2024-08-16,FPT,98100.0,99550.0,98100.0,99250.0,5093600
2024-08-19,FPT,99620.0,99850.0,98780.0,99170.0,2498400
2024-08-20,FPT,99320.0,100670.0,99320.0,99930.0,3741400
2024-08-21,FPT,99250.0,101670.0,99250.0,101440.0,6119700
2024-08-22,FPT,101830.0,102210.0,101440.0,101670.0,3020500
2024-08-23,FPT,101590.0,101590.0,100610.0,101150.0,3055000
2024-08-26,FPT,101300.0,101440.0,99930.0,99930.0,2590300
2024-08-27,FPT,99930.0,100750.0,99090.0,100670.0,2338500
2024-08-28,FPT,101070.0,102210.0,100990.0,101300.0,2711500
2024-08-29,FPT,100910.0,101670.0,100450.0,101590.0,2092700
2024-08-30,FPT,101440.0,102510.0,101070.0,102440.0,3315800
2024-09-04,FPT,101070.0,101070.0,99930.0,101070.0,4535200
2024-09-05,FPT,101070.0,101070.0,98560.0,99250.0,8055600
2024-09-06,FPT,99170.0,100990.0,99020.0,100380.0,3821400
2024-09-09,FPT,99390.0,100240.0,98850.0,99770.0,2885200
2024-09-10,FPT,99550.0,99550.0,98490.0,98780.0,4195100
2024-09-11,FPT,98780.0,99770.0,98650.0,99250.0,3190400
2024-09-12,FPT,99550.0,100670.0,99550.0,100540.0,4118000
2024-09-13,FPT,100450.0,101370.0,100320.0,101070.0,3186800
2024-09-16,FPT,100150.0,101070.0,99620.0,99620.0,1915700
2024-09-17,FPT,99690.0,100990.0,99690.0,100990.0,2651400
2024-09-18,FPT,101370.0,102740.0,100990.0,102280.0,5379600
2024-09-19,FPT,102440.0,103200.0,102050.0,102740.0,5154300
2024-09-20,FPT,103570.0,104100.0,102580.0,102810.0,3719700
2024-09-23,FPT,103280.0,103280.0,101370.0,101830.0,2441200
2024-09-24,FPT,101830.0,102360.0,101590.0,102210.0,2011400
2024-09-25,FPT,102050.0,102440.0,101510.0,102440.0,4479900
2024-09-26,FPT,102580.0,102580.0,101750.0,102050.0,2815600
2024-09-27,FPT,102050.0,102130.0,101440.0,101970.0,3352800
2024-09-30,FPT,101970.0,102210.0,101070.0,102210.0,3030500
2024-10-01,FPT,102360.0,103500.0,102360.0,103280.0,4725900
2024-10-02,FPT,102280.0,103280.0,102280.0,102890.0,1719800
2024-10-03,FPT,102890.0,103420.0,101830.0,101830.0,2300800
2024-10-04,FPT,102050.0,102440.0,101440.0,101910.0,1468400
2024-10-07,FPT,101970.0,102510.0,101510.0,101910.0,1330500
2024-10-08,FPT,101910.0,102650.0,101510.0,101670.0,2108600
2024-10-09,FPT,102050.0,103200.0,102050.0,102890.0,2619900
2024-10-10,FPT,103200.0,107910.0,103200.0,107680.0,9952200
2024-10-11,FPT,107910.0,108520.0,106070.0,106070.0,3813600
2024-10-14,FPT,107230.0,107360.0,104180.0,104570.0,5605300
2024-10-15,FPT,104570.0,105320.0,103810.0,104100.0,2860800
2024-10-16,FPT,103650.0,104180.0,103340.0,103570.0,2756000
2024-10-17,FPT,103730.0,104180.0,102970.0,104100.0,2579200
2024-10-18,FPT,104410.0,104710.0,103810.0,104100.0,2169400
2024-10-21,FPT,104100.0,104640.0,102970.0,102970.0,2681300
2024-10-22,FPT,103120.0,103120.0,101070.0,101150.0,6009200
2024-10-23,FPT,100990.0,102440.0,100750.0,101970.0,3015100
2024-10-24,FPT,101970.0,102050.0,101670.0,102050.0,2277200
2024-10-25,FPT,102050.0,102280.0,101510.0,101830.0,1839000
2024-10-28,FPT,101910.0,102580.0,101510.0,102510.0,1506000
2024-10-29,FPT,102890.0,102970.0,102440.0,102890.0,2459200
2024-10-30,FPT,102890.0,103280.0,102740.0,103280.0,1709800
2024-10-31,FPT,103280.0,103340.0,102810.0,103280.0,1241700
2024-11-01,FPT,102580.0,102580.0,101510.0,102280.0,2667500
2024-11-04,FPT,102280.0,102280.0,100840.0,100910.0,3182900
2024-11-05,FPT,101070.0,101830.0,100540.0,100750.0,1657100
2024-11-06,FPT,101150.0,102280.0,101070.0,102280.0,1801500
2024-11-07,FPT,102810.0,104570.0,101970.0,102650.0,3570500
2024-11-08,FPT,103420.0,103950.0,102650.0,103200.0,2106300
2024-11-11,FPT,103730.0,106000.0,103340.0,105100.0,5292000
2024-11-12,FPT,105320.0,105550.0,103280.0,103950.0,2914700
2024-11-13,FPT,103870.0,104940.0,103420.0,104710.0,3455400
2024-11-14,FPT,104780.0,106310.0,103340.0,103340.0,4736300
2024-11-15,FPT,102810.0,103120.0,100750.0,101750.0,6563600
2024-11-18,FPT,101830.0,102280.0,100670.0,101830.0,3903400
2024-11-19,FPT,101440.0,101510.0,98710.0,98780.0,7642800
2024-11-20,FPT,98780.0,100610.0,96270.0,100610.0,8460300
2024-11-21,FPT,100610.0,101070.0,99550.0,101070.0,3176700
2024-11-22,FPT,100990.0,102130.0,100670.0,101750.0,2915900
2024-11-25,FPT,101830.0,101830.0,101230.0,101750.0,1849700
2024-11-26,FPT,101370.0,103280.0,101300.0,102740.0,4176100
2024-11-27,FPT,102740.0,106150.0,102740.0,105550.0,9814300
2024-11-28,FPT,105930.0,106390.0,105100.0,105930.0,4742700
2024-11-29,FPT,105930.0,110500.0,105630.0,109650.0,11586700
2024-12-02,FPT,110430.0,111720.0,108350.0,108810.0,6616800
2024-12-03,FPT,108430.0,111640.0,108430.0,110950.0,5103700
2024-12-04,FPT,110950.0,111950.0,109260.0,109810.0,5609100
2024-12-05,FPT,110190.0,113630.0,109880.0,113630.0,4849200
2024-12-06,FPT,116240.0,116240.0,113250.0,114400.0,4541200
2024-12-09,FPT,114160.0,114400.0,111800.0,112480.0,4539000
2024-12-10,FPT,112550.0,114400.0,112480.0,114400.0,3597200
2024-12-11,FPT,114780.0,116070.0,114550.0,115160.0,4816600
2024-12-12,FPT,116240.0,116240.0,114160.0,114940.0,4147900
2024-12-13,FPT,114400.0,115460.0,114320.0,114400.0,3379800
2024-12-16,FPT,114470.0,115230.0,114400.0,114700.0,3291100
2024-12-17,FPT,114860.0,115160.0,113030.0,113250.0,5947500
2024-12-18,FPT,113250.0,114630.0,113250.0,113790.0,2923400
2024-12-19,FPT,112710.0,114020.0,112630.0,113320.0,4805200
2024-12-20,FPT,113630.0,115230.0,113470.0,114400.0,3538900
2024-12-23,FPT,114400.0,114700.0,113790.0,114630.0,2514800
2024-12-24,FPT,114780.0,115390.0,114320.0,115080.0,2300900
2024-12-25,FPT,115230.0,115710.0,115080.0,115390.0,2513100
2024-12-26,FPT,115550.0,115850.0,114100.0,114630.0,2233300
2024-12-27,FPT,114400.0,114700.0,113790.0,114470.0,2561700
2024-12-30,FPT,114320.0,115390.0,113630.0,115160.0,1982400
2024-12-31,FPT,115310.0,117760.0,115020.0,116700.0,3603200
2025-01-02,FPT,116700.0,116840.0,114860.0,116310.0,3172800
2025-01-03,FPT,115780.0,115780.0,114020.0,114020.0,4336100
2025-01-06,FPT,114100.0,114940.0,113550.0,114240.0,3467100
2025-01-07,FPT,114400.0,115780.0,114400.0,114860.0,3453300
2025-01-08,FPT,114780.0,114780.0,113320.0,113470.0,3879900
2025-01-09,FPT,113470.0,114160.0,113250.0,113860.0,1714400
2025-01-10,FPT,113860.0,114100.0,112630.0,112710.0,2524700
2025-01-13,FPT,111800.0,113630.0,110730.0,112950.0,3488800
2025-01-14,FPT,112950.0,113250.0,111030.0,111030.0,2897200
2025-01-15,FPT,111720.0,112100.0,110790.0,111340.0,2840900
2025-01-16,FPT,111870.0,112480.0,111110.0,112100.0,3568000
2025-01-17,FPT,112180.0,114860.0,111720.0,114020.0,3537000
2025-01-20,FPT,114020.0,115080.0,113390.0,114780.0,2217700
2025-01-21,FPT,115160.0,115850.0,114020.0,114700.0,2480300
2025-01-22,FPT,114470.0,115230.0,114160.0,114550.0,2785600
2025-01-23,FPT,114860.0,119360.0,114780.0,118060.0,7057800
2025-01-24,FPT,117910.0,118230.0,117380.0,117380.0,3655700
2025-02-03,FPT,113250.0,114160.0,111190.0,111340.0,12747700
2025-02-04,FPT,111720.0,112480.0,111190.0,111870.0,5467700
2025-02-05,FPT,112410.0,112860.0,111560.0,111950.0,5204100
2025-02-06,FPT,112480.0,112710.0,111420.0,112100.0,3426600
2025-02-07,FPT,112100.0,112260.0,111560.0,111800.0,3865900
2025-02-10,FPT,111340.0,111340.0,108650.0,108650.0,7749600
2025-02-11,FPT,108810.0,111260.0,107210.0,111260.0,5361400
2025-02-12,FPT,111420.0,111490.0,110430.0,110950.0,1887400
2025-02-13,FPT,110950.0,110950.0,109190.0,109500.0,2850800
2025-02-14,FPT,110190.0,110950.0,109880.0,110870.0,3251700
2025-02-17,FPT,110950.0,110950.0,109730.0,109880.0,2466300
2025-02-18,FPT,110030.0,110500.0,109500.0,110110.0,1664400
2025-02-19,FPT,110110.0,110870.0,109500.0,110190.0,3029800
2025-02-20,FPT,110350.0,110650.0,109430.0,109430.0,3385400
2025-02-21,FPT,109260.0,109350.0,108270.0,108650.0,5312600
2025-02-24,FPT,108650.0,108650.0,106750.0,107510.0,7497900
2025-02-25,FPT,107430.0,107430.0,105750.0,106360.0,6810400
2025-02-26,FPT,106440.0,108510.0,106290.0,108510.0,3323400
2025-02-27,FPT,108650.0,108810.0,107660.0,108130.0,3421700
2025-02-28,FPT,107210.0,107960.0,106360.0,107350.0,4694400
2025-03-03,FPT,107510.0,108190.0,107350.0,107510.0,2533900
2025-03-04,FPT,106750.0,107590.0,106590.0,107130.0,3471300
2025-03-05,FPT,107130.0,107210.0,106440.0,106440.0,2851100
2025-03-06,FPT,106750.0,109810.0,106750.0,108350.0,6417100
2025-03-07,FPT,108430.0,109190.0,107960.0,108190.0,2954500
2025-03-10,FPT,108270.0,108270.0,106520.0,106590.0,5323000
2025-03-11,FPT,105590.0,105980.0,104830.0,105220.0,5784400
2025-03-12,FPT,105360.0,106130.0,103980.0,103980.0,6185000
2025-03-13,FPT,104150.0,105590.0,104150.0,104450.0,3610200
2025-03-14,FPT,103760.0,104290.0,100080.0,100550.0,16094000
2025-03-17,FPT,100690.0,101090.0,99170.0,99480.0,6707000
2025-03-18,FPT,99550.0,101160.0,99480.0,99480.0,5508500
2025-03-19,FPT,99550.0,99940.0,94500.0,95350.0,18128400
2025-03-20,FPT,95350.0,97020.0,95260.0,95650.0,8203400
2025-03-21,FPT,95650.0,98710.0,95650.0,97950.0,6424800
2025-03-24,FPT,98330.0,98940.0,97410.0,98710.0,5090200
2025-03-25,FPT,99330.0,99400.0,96800.0,96800.0,5629200
2025-03-26,FPT,96800.0,96800.0,93890.0,94120.0,9734600
2025-03-27,FPT,93360.0,96800.0,92660.0,96570.0,6464400
2025-03-28,FPT,96490.0,96720.0,94880.0,94880.0,2944800
2025-03-31,FPT,94420.0,94420.0,92590.0,92590.0,5406300
2025-04-01,FPT,93360.0,93500.0,90910.0,92210.0,7824300
2025-04-02,FPT,92740.0,93570.0,92450.0,93360.0,3920200
2025-04-03,FPT,87770.0,89990.0,86850.0,86850.0,11484900
2025-04-04,FPT,80800.0,87150.0,80800.0,86470.0,21574500
2025-04-08,FPT,81110.0,82640.0,80430.0,80430.0,16276400
2025-04-09,FPT,74840.0,82640.0,74840.0,80570.0,16893300
2025-04-10,FPT,86150.0,86150.0,86150.0,86150.0,1005400
2025-04-11,FPT,89530.0,90680.0,87460.0,90680.0,19224000
2025-04-14,FPT,91820.0,91820.0,87240.0,90680.0,9217400
2025-04-15,FPT,88840.0,89530.0,87000.0,88770.0,7762200
2025-04-16,FPT,87610.0,88690.0,82560.0,82560.0,18032200
2025-04-17,FPT,80350.0,85170.0,80260.0,83710.0,8580100
2025-04-18,FPT,84550.0,88000.0,84550.0,85400.0,7485500
2025-04-21,FPT,85710.0,86090.0,84160.0,85470.0,4332300
2025-04-22,FPT,84930.0,85090.0,79580.0,84470.0,9127300
2025-04-23,FPT,85470.0,85470.0,82410.0,84470.0,5710800
2025-04-24,FPT,85320.0,87000.0,84640.0,85710.0,7740100
2025-04-25,FPT,85710.0,86010.0,84330.0,86010.0,5384100
2025-04-28,FPT,85710.0,86010.0,83550.0,83790.0,3853700
2025-04-29,FPT,83870.0,84550.0,83480.0,83710.0,2945500
2025-05-05,FPT,83030.0,83410.0,82950.0,83100.0,7167600
2025-05-06,FPT,83100.0,84930.0,83100.0,83950.0,5686200
2025-05-07,FPT,83870.0,85090.0,83340.0,83950.0,3926800
2025-05-08,FPT,84470.0,87690.0,83410.0,87460.0,12644900
2025-05-09,FPT,87460.0,89070.0,86850.0,88770.0,8496900
2025-05-12,FPT,89530.0,90830.0,89300.0,90530.0,8715200
2025-05-13,FPT,91820.0,92050.0,90750.0,91440.0,8565900
2025-05-14,FPT,91820.0,96650.0,91820.0,96650.0,12080300
2025-05-15,FPT,96800.0,97100.0,94580.0,95650.0,7806300
2025-05-16,FPT,95260.0,95410.0,92510.0,92590.0,8012200
2025-05-19,FPT,90910.0,92210.0,89220.0,90450.0,9916700
2025-05-20,FPT,89370.0,91290.0,89370.0,91210.0,7911300
2025-05-21,FPT,91820.0,91820.0,89530.0,90530.0,6024400
2025-05-22,FPT,89610.0,89990.0,88450.0,89370.0,6350700
2025-05-23,FPT,89300.0,90140.0,88770.0,89610.0,4440500
2025-05-26,FPT,89300.0,90140.0,88000.0,89760.0,4023400
2025-05-27,FPT,89840.0,91370.0,89840.0,91050.0,5498200
2025-05-28,FPT,91210.0,91370.0,89910.0,90610.0,3933600
2025-05-29,FPT,91050.0,91050.0,89610.0,89610.0,2933000
2025-05-30,FPT,90290.0,90450.0,89150.0,89150.0,4038000
2025-06-02,FPT,89150.0,89610.0,88450.0,88840.0,2916400
2025-06-03,FPT,89300.0,90290.0,88990.0,89840.0,3398600
2025-06-04,FPT,90290.0,90450.0,89150.0,89610.0,2873300
2025-06-05,FPT,89610.0,89760.0,89150.0,89370.0,2302800
2025-06-06,FPT,89370.0,89370.0,88000.0,88000.0,5383000
2025-06-09,FPT,88370.0,89450.0,88000.0,88910.0,3054700
2025-06-10,FPT,89530.0,89840.0,88540.0,88540.0,3359000
2025-06-11,FPT,88840.0,90450.0,88840.0,90210.0,5744300
2025-06-12,FPT,90750.0,90840.0,89910.0,90290.0,4153100
2025-06-13,FPT,89520.0,89910.0,88670.0,89060.0,6161700
2025-06-16,FPT,88830.0,92450.0,88750.0,91840.0,8069100
2025-06-17,FPT,91840.0,92070.0,91220.0,91680.0,4600300
2025-06-18,FPT,91680.0,92220.0,89840.0,90290.0,6556700
2025-06-19,FPT,90290.0,90370.0,89290.0,89520.0,5404900
2025-06-20,FPT,89600.0,90210.0,89370.0,89600.0,4339400
2025-06-23,FPT,89140.0,89750.0,88360.0,89440.0,4587300
2025-06-24,FPT,89750.0,90290.0,89750.0,89910.0,4271900
2025-06-25,FPT,90290.0,92150.0,90290.0,90370.0,6000700
2025-06-26,FPT,91060.0,91300.0,89990.0,90290.0,4132300
2025-06-27,FPT,90290.0,91300.0,90210.0,90530.0,5263200
2025-06-30,FPT,90980.0,92220.0,90750.0,91220.0,6859100
2025-07-01,FPT,91840.0,92220.0,91220.0,91680.0,4609400
2025-07-02,FPT,91450.0,91610.0,90750.0,91530.0,3661700
2025-07-03,FPT,91450.0,92450.0,90910.0,91060.0,6304300
2025-07-04,FPT,91450.0,95230.0,91380.0,94540.0,12825000
2025-07-07,FPT,95160.0,96230.0,94930.0,95540.0,6382800
2025-07-08,FPT,95770.0,97000.0,95700.0,96080.0,8064200
2025-07-09,FPT,96310.0,96390.0,94380.0,94760.0,12198400
2025-07-10,FPT,95540.0,96700.0,95310.0,95620.0,5180200
2025-07-11,FPT,96470.0,98770.0,96150.0,97710.0,10736000
2025-07-14,FPT,98160.0,98700.0,96470.0,98080.0,5978400
2025-07-15,FPT,97710.0,98640.0,97250.0,97250.0,5600000
2025-07-16,FPT,97780.0,98010.0,96550.0,97470.0,5063000
2025-07-17,FPT,97780.0,99630.0,97250.0,98010.0,8334200
2025-07-18,FPT,98770.0,98770.0,97250.0,97250.0,6494600
2025-07-21,FPT,99750.0,99750.0,97890.0,97890.0,7563700
2025-07-22,FPT,97890.0,99570.0,96470.0,99490.0,6889600
2025-07-23,FPT,99660.0,100110.0,98770.0,99230.0,4795100
2025-07-24,FPT,99400.0,99490.0,98340.0,98610.0,6420800
2025-07-25,FPT,98610.0,98950.0,98060.0,98250.0,5137000
2025-07-28,FPT,98340.0,99050.0,98060.0,98770.0,7611000
2025-07-29,FPT,98770.0,99050.0,94070.0,94070.0,16059500
2025-07-30,FPT,94960.0,95850.0,93450.0,94160.0,7488200
2025-07-31,FPT,94160.0,94870.0,92120.0,92300.0,8944200
2025-08-01,FPT,92040.0,95320.0,90080.0,94960.0,10891500
2025-08-04,FPT,94520.0,94610.0,93010.0,94610.0,4617800
2025-08-05,FPT,94960.0,96470.0,93190.0,93900.0,11395000
2025-08-06,FPT,94070.0,94250.0,92740.0,93100.0,11814200
2025-08-07,FPT,93720.0,95320.0,93100.0,94250.0,9565800
2025-08-08,FPT,94520.0,95320.0,93010.0,93720.0,9184800
2025-08-11,FPT,93990.0,97180.0,93450.0,94430.0,10278500
2025-08-12,FPT,95320.0,96030.0,94610.0,95400.0,11011800
2025-08-13,FPT,95490.0,95670.0,93100.0,93280.0,21845000
2025-08-14,FPT,93900.0,93900.0,92040.0,92120.0,17905400
2025-08-15,FPT,92120.0,93010.0,89910.0,90000.0,18622300
2025-08-18,FPT,90000.0,91410.0,88750.0,89190.0,11392300
2025-08-19,FPT,89280.0,90080.0,88750.0,89020.0,9153600
2025-08-20,FPT,88840.0,89020.0,86540.0,86710.0,19969500
2025-08-21,FPT,86710.0,91330.0,86710.0,90250.0,12624800
2025-08-22,FPT,90160.0,90160.0,87680.0,87860.0,7212000
2025-08-25,FPT,90530.0,90530.0,87680.0,87680.0,6736000
2025-08-26,FPT,87680.0,88750.0,86880.0,88750.0,5812500
2025-08-27,FPT,90000.0,93280.0,89820.0,93190.0,19436400
2025-08-28,FPT,93280.0,93280.0,91240.0,92740.0,6280200
2025-08-29,FPT,93190.0,93190.0,90160.0,90160.0,11090200
2025-09-03,FPT,90530.0,91680.0,88750.0,91590.0,9744200
2025-09-04,FPT,91680.0,93630.0,91590.0,93190.0,11033600
2025-09-05,FPT,93370.0,93630.0,91770.0,91770.0,8807800
2025-09-08,FPT,91410.0,92210.0,90440.0,90440.0,10600300
2025-09-09,FPT,90530.0,91410.0,89640.0,90620.0,6460700
2025-09-10,FPT,90620.0,91330.0,89730.0,89820.0,5498500
2025-09-11,FPT,89820.0,91330.0,89190.0,90530.0,7414200
2025-09-12,FPT,90530.0,91330.0,89730.0,90160.0,7447000
2025-09-15,FPT,90440.0,91850.0,90080.0,90440.0,14123100
2025-09-16,FPT,91150.0,93010.0,90530.0,91850.0,17531600
2025-09-17,FPT,92300.0,95670.0,92300.0,93630.0,20018000
2025-09-18,FPT,94070.0,94350.0,91410.0,91410.0,8198400
2025-09-19,FPT,92120.0,92120.0,89190.0,91410.0,23514300
2025-09-22,FPT,90960.0,91150.0,88390.0,88480.0,16280200
2025-09-23,FPT,88750.0,88750.0,86540.0,86970.0,18291200
2025-09-24,FPT,87060.0,88310.0,86450.0,88310.0,7421100
2025-09-25,FPT,88310.0,88310.0,86880.0,86970.0,8627700
2025-09-26,FPT,87150.0,88130.0,86450.0,86540.0,8080800
2025-09-29,FPT,86790.0,86790.0,84760.0,84760.0,10430900
2025-09-30,FPT,84760.0,85020.0,82350.0,82540.0,12018800
2025-10-01,FPT,82720.0,83870.0,81120.0,82890.0,7405100
2025-10-02,FPT,82450.0,82890.0,81650.0,81740.0,7933800
2025-10-03,FPT,81830.0,83430.0,81740.0,82890.0,7681300
2025-10-06,FPT,83690.0,85110.0,82980.0,84760.0,6580000
2025-10-07,FPT,85200.0,85470.0,84490.0,84760.0,5997500
2025-10-08,FPT,84760.0,86000.0,83870.0,83870.0,5132100
2025-10-09,FPT,84310.0,84310.0,82980.0,83600.0,5716300
2025-10-10,FPT,83600.0,85650.0,83250.0,85290.0,8587700
2025-10-13,FPT,84220.0,84220.0,83160.0,83430.0,7915000
2025-10-14,FPT,83510.0,83870.0,82010.0,82010.0,12659600
2025-10-15,FPT,82180.0,82630.0,79440.0,79530.0,18738600
2025-10-16,FPT,79700.0,81210.0,79530.0,79700.0,7928500
2025-10-17,FPT,79960.0,81210.0,78190.0,78190.0,8374400
2025-10-20,FPT,78360.0,81470.0,77210.0,77210.0,14580300
2025-10-21,FPT,78980.0,82540.0,78550.0,82540.0,19520200
2025-10-22,FPT,84490.0,87860.0,84310.0,86090.0,18311100
2025-10-23,FPT,86260.0,86350.0,83430.0,84310.0,6647600
2025-10-24,FPT,84310.0,86710.0,84050.0,86710.0,13759100
2025-10-27,FPT,87860.0,88480.0,85470.0,86970.0,12897800
2025-10-28,FPT,87500.0,90710.0,87500.0,90710.0,20912700
2025-10-29,FPT,90880.0,91590.0,89730.0,90250.0,9302800
2025-10-30,FPT,90620.0,91850.0,90160.0,91150.0,9730600
2025-10-31,FPT,91050.0,92210.0,89640.0,92210.0,14827100
2025-11-03,FPT,92120.0,94350.0,91850.0,93190.0,20963600
2025-11-04,FPT,92390.0,92920.0,90250.0,91680.0,10620700
2025-11-05,FPT,90350.0,90530.0,88390.0,89550.0,11741500
2025-11-06,FPT,89550.0,90530.0,88220.0,88930.0,6751800
2025-11-07,FPT,88310.0,90350.0,88310.0,89640.0,5863600
2025-11-10,FPT,89820.0,89820.0,85380.0,85380.0,10072600
2025-11-11,FPT,85910.0,86880.0,85290.0,85290.0,6624200
2025-11-12,FPT,85650.0,89280.0,85650.0,89280.0,6635300
2025-11-13,FPT,89280.0,89370.0,87590.0,87770.0,4757400
2025-11-14,FPT,87770.0,89550.0,87150.0,88750.0,4699900
2025-11-17,FPT,89280.0,90350.0,89280.0,89640.0,5585100
2025-11-18,FPT,89640.0,89730.0,87680.0,88750.0,6500100
2025-11-19,FPT,88310.0,88310.0,86970.0,86970.0,5169300
2025-11-20,FPT,87500.0,88480.0,87060.0,87860.0,4593100
2025-11-21,FPT,86970.0,89820.0,86790.0,89450.0,7936900
2025-11-24,FPT,89370.0,89730.0,88390.0,88930.0,5061800
2025-11-25,FPT,88480.0,89020.0,87860.0,88480.0,4494900
2025-11-26,FPT,88570.0,88930.0,87770.0,87860.0,5830900
2025-11-27,FPT,88050.0,88570.0,87060.0,88310.0,4780500
2025-11-28,FPT,87950.0,88220.0,86170.0,86170.0,6210400
2025-12-01,FPT,86890.0,87610.0,86170.0,86630.0,3125100
2025-12-02,FPT,86800.0,87250.0,85550.0,86630.0,5560800
2025-12-03,FPT,86980.0,86980.0,86090.0,86630.0,6475300
2025-12-04,FPT,86630.0,88330.0,86630.0,87440.0,7387500
2025-12-05,FPT,87440.0,87440.0,86170.0,86260.0,5062500
2025-12-08,FPT,86630.0,87250.0,85640.0,85640.0,5278600
2025-12-09,FPT,85640.0,86980.0,84650.0,86890.0,9961500
2025-12-10,FPT,87070.0,87070.0,85730.0,85730.0,3894100
2025-12-11,FPT,86000.0,86630.0,85730.0,86090.0,5201600
2025-12-12,FPT,86090.0,86090.0,83850.0,84030.0,5519800
2025-12-15,FPT,84200.0,84650.0,83850.0,84120.0,3524800
2025-12-16,FPT,84200.0,85550.0,82500.0,85100.0,6295300
2025-12-17,FPT,84650.0,86350.0,84650.0,86000.0,4967800
2025-12-18,FPT,85640.0,85730.0,84200.0,84650.0,4115500
2025-12-19,FPT,84290.0,85190.0,83940.0,84200.0,4492600
2025-12-22,FPT,84380.0,84560.0,83850.0,84030.0,6142400
2025-12-23,FPT,84290.0,86000.0,83940.0,84290.0,6006900
2025-12-24,FPT,84380.0,84470.0,83490.0,83940.0,3901500
2025-12-25,FPT,83940.0,85010.0,83400.0,83400.0,4565200
2025-12-26,FPT,83130.0,83400.0,81600.0,82950.0,6612400
2025-12-29,FPT,82950.0,85100.0,82950.0,84560.0,6300900
2025-12-30,FPT,84750.0,86630.0,84560.0,86540.0,7271200
2025-12-31,FPT,86800.0,86980.0,85370.0,85910.0,3082600
2026-01-05,FPT,85820.0,85820.0,83570.0,85190.0,7029300
2026-01-06,FPT,84920.0,85010.0,83940.0,84290.0,5397500
2026-01-07,FPT,84380.0,87520.0,84290.0,87440.0,11427400
2026-01-08,FPT,87970.0,87970.0,86540.0,86540.0,5576200
2026-01-09,FPT,86170.0,89580.0,86090.0,87350.0,10048700
2026-01-12,FPT,87880.0,89230.0,87880.0,89230.0,9076600
2026-01-13,FPT,89410.0,91200.0,87790.0,88690.0,9411100
2026-01-14,FPT,88770.0,90660.0,87700.0,89490.0,11900400
2026-01-15,FPT,89490.0,91200.0,88240.0,88330.0,7401400
2026-01-16,FPT,89230.0,94430.0,89230.0,94430.0,23871100
2026-01-19,FPT,97470.0,97470.0,94610.0,94870.0,14710500
2026-01-20,FPT,95150.0,95950.0,93260.0,93350.0,12213100
2026-01-21,FPT,92550.0,95500.0,90660.0,94150.0,14517300
2026-01-22,FPT,94610.0,94870.0,92810.0,92810.0,8095100
2026-01-23,FPT,92900.0,93800.0,90570.0,90570.0,9418000
2026-01-26,FPT,89850.0,91110.0,87880.0,88330.0,11183100
2026-01-27,FPT,89320.0,91920.0,88860.0,91550.0,10585500
2026-01-28,FPT,91830.0,94870.0,91740.0,93710.0,11949800
2026-01-29,FPT,94150.0,96130.0,92990.0,95150.0,14247700
2026-01-30,FPT,95410.0,95410.0,93170.0,93710.0,10833200
2026-02-02,FPT,92640.0,93530.0,91110.0,93530.0,9331400
2026-02-03,FPT,94060.0,94520.0,92270.0,93170.0,9097000
2026-02-04,FPT,92450.0,92810.0,91020.0,91380.0,11639700
2026-02-05,FPT,90750.0,91380.0,88770.0,88770.0,18088600
2026-02-06,FPT,87880.0,89670.0,86720.0,87520.0,9766800
2026-02-09,FPT,88600.0,89140.0,87790.0,88770.0,5108600
2026-02-10,FPT,89580.0,89580.0,87250.0,87700.0,6113500
2026-02-11,FPT,88060.0,89230.0,87350.0,88420.0,5507500
2026-02-12,FPT,88770.0,88950.0,88240.0,88600.0,4125200
2026-02-13,FPT,87970.0,88330.0,86350.0,86350.0,18508400
2026-02-23,FPT,86800.0,86800.0,83490.0,84750.0,22660400
2026-02-24,FPT,84290.0,84290.0,82950.0,82950.0,28539000
2026-02-25,FPT,82680.0,82950.0,79810.0,79900.0,47733100
2026-02-26,FPT,80710.0,82680.0,80620.0,81150.0,17525500
2026-02-27,FPT,81600.0,83850.0,80970.0,83310.0,18705600
2026-03-02,FPT,80800.0,82050.0,80080.0,80350.0,17245400
2026-03-03,FPT,80800.0,81510.0,78020.0,78020.0,16504400
2026-03-04,FPT,77930.0,78020.0,75510.0,76310.0,23755700
2026-03-05,FPT,77560.0,77840.0,75680.0,75680.0,15906800
2026-03-06,FPT,75680.0,75860.0,73080.0,73170.0,23713900
2026-03-09,FPT,68150.0,68780.0,68060.0,68060.0,17633000
2026-03-10,FPT,68510.0,71380.0,68510.0,71290.0,21099200
2026-03-11,FPT,71740.0,72640.0,70220.0,71920.0,10652800
2026-03-12,FPT,70660.0,71020.0,69500.0,69670.0,12722400
2026-03-13,FPT,69140.0,70390.0,68420.0,69050.0,9026000
2026-03-16,FPT,69140.0,71110.0,69140.0,70130.0,8662000
2026-03-17,FPT,71200.0,72910.0,70940.0,71200.0,9218800
2026-03-18,FPT,71740.0,71920.0,70040.0,70480.0,6352700
2026-03-19,FPT,69670.0,69760.0,68690.0,68870.0,11602900
2026-03-20,FPT,68600.0,68600.0,66000.0,66900.0,21423700
2026-03-23,FPT,66090.0,68250.0,64209.99999999999,65550.0,13156200
2026-03-24,FPT,67700.0,68060.0,66450.0,67620.0,5189700
2026-03-25,FPT,68330.0,69050.0,67790.0,69050.0,7429300
2026-03-26,FPT,69050.0,69050.0,66540.0,66540.0,9743400
2026-03-27,FPT,66810.0,68420.0,66350.0,68250.0,9080300
2026-03-30,FPT,66720.0,67440.0,65910.0,66350.0,7814800
2026-03-31,FPT,67160.0,67700.0,66720.0,66990.0,5639200
2026-04-01,FPT,68060.0,68420.0,67250.0,67530.0,8534000
2026-04-02,FPT,67440.0,67440.0,66540.0,66990.0,5224400
2026-04-03,FPT,66990.0,67700.0,66270.0,66350.0,6333100
2026-04-06,FPT,66350.0,66810.0,65910.0,66270.0,4593000
2026-04-07,FPT,66810.0,66810.0,66180.0,66350.0,4713000
2026-04-08,FPT,68150.0,70940.0,67350.0,70940.0,14610000
2026-04-09,FPT,70940.0,71020.0,70040.0,70220.0,6272100
2026-04-10,FPT,70480.0,70850.0,69320.0,69670.0,6099800
2026-04-13,FPT,68960.0,69050.0,68060.0,68150.0,9559100
2026-04-14,FPT,69050.0,69230.0,68150.0,68330.0,7092500
2026-04-15,FPT,68960.0,69050.0,67250.0,67350.0,10047800
2026-04-16,FPT,67790.0,67790.0,66350.0,66450.0,11316400
2026-04-17,FPT,67250.0,69950.0,67160.0,68150.0,12349600
2026-04-20,FPT,68420.0,69050.0,68250.0,68960.0,6876800
2026-04-21,FPT,69050.0,69410.0,67350.0,67350.0,7119000
2026-04-22,FPT,67700.0,67700.0,66450.0,66900.0,8145000
2026-04-23,FPT,67250.0,68150.0,66450.0,66630.0,7968500
2026-04-24,FPT,66350.0,66450.0,65650.0,65820.0,10459800
2026-04-28,FPT,65820.0,66720.0,65370.00000000001,66720.0,9503800
2026-04-29,FPT,65820.0,67700.0,65820.0,67700.0,9163000
2026-05-04,FPT,67160.0,67350.0,66000.0,66090.0,8285900
2026-05-05,FPT,66090.0,66810.0,65280.0,66630.0,6841400
2026-05-06,FPT,66540.0,66540.0,65459.99999999999,65730.0,9455600
2026-05-07,FPT,66270.0,66630.0,65459.99999999999,65459.99999999999,10186100
2026-05-08,FPT,65650.0,65730.0,64470.0,64470.0,13444300
2026-05-11,FPT,64300.0,64300.0,62770.0,62770.0,16909100
2026-05-12,FPT,62860.0,64120.00000000001,62770.0,63310.0,8533300
2026-05-13,FPT,63310.0,64120.00000000001,62770.0,63400.0,11517600
2026-05-14,FPT,63750.0,67530.0,63670.0,66270.0,21565500
2026-05-15,FPT,66540.0,66540.0,65190.0,65370.00000000001,6386100
2026-05-18,FPT,65370.00000000001,67530.0,64560.0,67160.0,18323700
2026-05-19,FPT,67250.0,67970.0,66630.0,66810.0,11279900
2026-05-20,FPT,67070.0,70390.0,65280.0,69670.0,25976600
2026-05-21,FPT,69670.0,69850.0,67880.0,68600.0,11809100
2026-05-22,FPT,68870.0,69590.0,67350.0,67350.0,11668800
2026-05-25,FPT,66900.0,67790.0,65910.0,65910.0,10441000
2026-05-26,FPT,66000.0,66900.0,66000.0,66810.0,5104800
2026-05-27,FPT,66810.0,67530.0,65550.0,66000.0,9176300
2026-05-28,FPT,66180.0,66450.0,64730.00000000001,64730.00000000001,10646900
2026-05-29,FPT,64730.00000000001,65910.0,64360.0,65090.0,5446700
2026-06-01,FPT,65640.0,66730.0,65550.0,66270.0,5972700
2026-06-02,FPT,66360.0,68730.0,66360.0,68000.0,17368000
2026-06-03,FPT,68270.0,70640.0,68180.0,69550.0,25278600
2026-06-04,FPT,69730.0,70180.0,68910.0,69180.0,11304700
2026-06-05,FPT,69090.0,69090.0,67550.0,68180.0,11218100
2026-06-08,FPT,67000.0,67730.0,66180.0,66270.0,10914200
2026-06-09,FPT,66730.0,67450.0,66000.0,67000.0,7772300
2026-06-10,FPT,66820.0,67730.0,66820.0,67450.0,4736000
2026-06-11,FPT,67180.0,67180.0,66450.0,66450.0,3507300
2026-06-12,FPT,66910.0,67550.0,66820.0,66820.0,5688200
2026-06-15,FPT,67640.0,68360.0,66820.0,66910.0,6422700
2026-06-16,FPT,67000.0,67450.0,66450.0,66550.0,5819800
2026-06-17,FPT,66640.0,66730.0,65640.0,65730.0,10652200
2026-06-18,FPT,65730.0,65730.0,65000.0,65090.0,13665800
2026-06-19,FPT,65090.0,65269.99999999999,64360.0,65000.0,14295100
2026-06-22,FPT,65000.0,65180.00000000001,63910.0,64180.00000000001,9260100
2026-06-23,FPT,64450.0,65269.99999999999,64269.99999999999,64360.0,5737500
2026-06-24,FPT,64550.0,64730.00000000001,63730.0,64360.0,5968500
2026-06-25,FPT,64550.0,65180.00000000001,64360.0,64550.0,6592100
2026-06-26,FPT,64819.99999999999,64819.99999999999,63910.0,64360.0,4333200
2026-06-29,FPT,64269.99999999999,64360.0,63820.0,64000.0,4618200
2026-06-30,FPT,64090.0,64360.0,63820.0,63820.0,6075800
2026-07-01,FPT,64000.0,66550.0,63910.0,66270.0,11630500
2026-07-02,FPT,66270.0,66640.0,65910.0,65910.0,5690500
2026-07-03,FPT,65910.0,66450.0,65180.00000000001,65730.0,7490500
2026-07-06,FPT,65820.0,67270.0,65360.0,66360.0,11200200
2026-07-07,FPT,66360.0,67000.0,65910.0,66550.0,4557200
2026-07-08,FPT,65820.0,66180.0,65000.0,65550.0,6741600
2026-07-09,FPT,65269.99999999999,66360.0,65180.00000000001,65550.0,4441900
2026-07-10,FPT,65450.0,65730.0,64180.00000000001,64180.00000000001,7937300
2026-07-13,FPT,63910.0,64819.99999999999,63820.0,64090.0,7738400
2026-07-14,FPT,63910.0,64450.0,63640.0,63910.0,6626800
2026-07-15,FPT,64000.0,64000.0,60730.0,60730.0,21271900
2026-07-16,FPT,60640.0,61820.0,58820.0,61820.0,13030600
2026-07-17,FPT,62090.0,62180.0,60910.0,60910.0,3987800
2026-07-20,FPT,60820.0,61550.0,60090.0,61000.0,7346800
2026-07-21,FPT,60450.0,61730.0,58910.0,58910.0,7540400
2026-07-22,FPT,59090.0,61360.0,58730.0,58730.0,10060700
2026-07-23,FPT,59090.0,59730.0,58360.0,58820.0,6287300
2026-07-24,FPT,58450.0,58640.0,57090.0,57180.0,5804800
2026-07-27,FPT,57360.0,57910.0,56550.0,56550.0,4449500
2026-07-28,FPT,56270.0,57910.0,55910.0,57270.0,5399400
2026-07-29,FPT,57270.0,59360.0,56820.0,59180.0,6114000
2026-07-30,FPT,59270.0,61090.0,58910.0,60910.0,7571500
2026-07-31,FPT,61090.0,61730.0,60450.0,61000.0,6253600
2026-08-03,FPT,61270.0,65180.00000000001,61180.0,65180.00000000001,16279100
2026-08-04,FPT,65820.0,66640.0,64819.99999999999,65000.0,6584300
2026-08-05,FPT,65640.0,65640.0,63820.0,63910.0,6877600
2026-08-06,FPT,64000.0,64910.0,64000.0,64269.99999999999,4629700
2026-08-07,FPT,64640.0,65180.00000000001,63910.0,64360.0,4301800
2026-08-10,FPT,64450.0,65450.0,64269.99999999999,65269.99999999999,5252100
2026-08-11,FPT,65090.0,66450.0,64550.0,64730.00000000001,6936800
2026-08-12,FPT,64730.00000000001,65360.0,64180.00000000001,64360.0,3685600
2026-08-13,FPT,64550.0,64819.99999999999,62910.0,62910.0,7458000
2026-08-14,FPT,63000.0,63270.0,61820.0,62090.0,7123800
2026-08-17,FPT,62180.0,63090.0,62180.0,62550.0,4104500
2026-08-18,FPT,62550.0,63000.0,62000.0,62730.0,3383800
2026-08-19,FPT,62730.0,62910.0,62360.0,62640.0,1821000
2026-08-20,FPT,62820.0,63910.0,62820.0,63450.0,4468100
2026-08-21,FPT,63550.0,65450.0,63180.0,65450.0,7035800
2026-08-24,FPT,65910.0,66090.0,64910.0,64910.0,4611900
2026-08-25,FPT,64910.0,65450.0,64269.99999999999,64269.99999999999,4690000
2026-08-26,FPT,64269.99999999999,66270.0,64269.99999999999,66000.0,10161300
2026-08-27,FPT,66000.0,66090.0,65640.0,65640.0,3542900
2026-08-28,FPT,65640.0,67270.0,65640.0,66550.0,10196800
2026-09-03,FPT,66360.0,66360.0,65450.0,65640.0,4098200
2026-09-04,FPT,65910.0,66360.0,65820.0,66180.0,3549500
2026-09-07,FPT,66360.0,67090.0,65640.0,65820.0,7020200
2026-09-08,FPT,65820.0,65910.0,65450.0,65640.0,4273000
2026-09-09,FPT,65730.0,66360.0,65550.0,65820.0,3680300
2026-09-10,FPT,65730.0,68000.0,65640.0,67730.0,11936600
2026-09-11,FPT,67640.0,67640.0,66090.0,66090.0,5655200
2026-09-14,FPT,66180.0,66910.0,65450.0,65820.0,4860300
2026-09-15,FPT,66090.0,66730.0,65910.0,66090.0,3977500
2026-09-16,FPT,66180.0,67090.0,65000.0,67090.0,7748100
2026-09-17,FPT,66640.0,67550.0,66000.0,67550.0,6626700
2026-09-18,FPT,67730.0,68000.0,65180.00000000001,65180.00000000001,15500700
2026-09-21,FPT,66500.0,66800.0,65000.0,66400.0,8401600
2026-09-22,FPT,66600.0,67000.0,66200.0,66600.0,4905000
2026-09-23,FPT,66600.0,67000.0,66100.0,66100.0,3557500
2026-09-24,FPT,66000.0,66200.0,65099.99999999999,65300.0,4350900
2026-09-25,FPT,65500.0,65900.0,64599.99999999999,64700.0,3543900
2026-09-28,FPT,64700.0,64800.0,63000.0,63700.0,5148700
2026-09-29,FPT,63700.0,64099.99999999999,63100.0,63200.0,3118000
2026-09-30,FPT,63400.0,64000.0,63000.0,63000.0,3041400
2026-10-01,FPT,63000.0,63100.0,62600.0,62700.0,3413000
2026-10-02,FPT,62700.0,63200.0,62100.0,62100.0,3199600
2026-10-05,FPT,62200.0,62800.0,61900.0,61900.0,2513400
2026-10-06,FPT,62000.0,62200.0,60000.0,60400.0,8214700
2026-10-07,FPT,60400.0,61300.0,59700.0,59700.0,5438300
2026-10-08,FPT,59500.0,61500.0,58900.0,59700.0,6574800
